step,J,J_tensor,J_volume,J_reg,volume,grey,C11,C12,nu_eff,C_fro,design_rms,dJ_rel,dC_rel,morph_frac,step_rms,grad_rms,simp_p,lambda_reg,frozen,conv_window,candidate,verified,ms,elasticity,termination
0,0.00958768,2.62272e-05,9.91408e-16,0.00956145,0.257587,0.497551,0.0441512,-0.00732741,-0.198986,0.119375,0,0,0,0,0.00468578,0.117421,2,0.2,1,0,0,0,3087.37,1,RUNNING
1,0.00906901,2.51708e-05,8.9055e-31,0.00904384,0.257587,0.501169,0.0442698,-0.00692715,-0.185502,0.11905,0.00467582,0.000518667,0.00625243,0.00185707,0.00421236,0.105381,2,0.2,1,0,0,0,3043.87,1,RUNNING
2,0.00864793,2.52554e-05,1.11242e-30,0.00862268,0.257587,0.505187,0.0444747,-0.0065157,-0.171651,0.118854,0.00420252,0.000421079,0.0063418,0.00214524,0.00383204,0.095801,2,0.2,1,0,0,0,3266.07,1,RUNNING
3,0.00829809,2.60129e-05,4.93038e-32,0.00827208,0.257587,0.509525,0.0447086,-0.00611661,-0.158494,0.118709,0.00382163,0.00034984,0.00616771,0.00160092,0.00352181,0.0880453,2,0.2,1,0,0,0,3301.14,1,RUNNING
4,0.00800161,2.7199e-05,3.08149e-33,0.00797441,0.257587,0.513848,0.0449459,-0.00573884,-0.146373,0.118582,0.00351022,0.000296479,0.00584934,0.00176101,0.00326621,0.0816553,2,0.2,1,0,0,0,3287.83,1,RUNNING
5,0.00774601,2.86792e-05,3.08149e-31,0.00771733,0.257587,0.518251,0.0451761,-0.00538401,-0.135304,0.118461,0.00325319,0.000255602,0.00550159,0.00161693,0.00305196,0.076299,2,0.2,1,0,0,0,3283.14,1,RUNNING
6,0.00752251,3.03776e-05,7.70372e-32,0.00749213,0.257587,0.521917,0.0453958,-0.00505091,-0.125193,0.118341,0.00303738,0.000223506,0.00517304,0.00142482,0.00286953,0.0717382,2,0.2,1,0,0,0,3321.94,1,RUNNING
7,0.00732475,3.22492e-05,1.10934e-31,0.0072925,0.257587,0.525102,0.0456047,-0.00473742,-0.115922,0.118223,0.00285334,0.000197753,0.00487776,0.00140881,0.00271204,0.0678009,2,0.2,1,0,0,0,3302.92,1,RUNNING
8,0.00714806,3.42656e-05,1.2326e-32,0.00711379,0.257587,0.5284,0.0458035,-0.0044414,-0.107378,0.118106,0.0026942,0.000176694,0.00461604,0.00182505,0.00257441,0.0643603,2,0.2,1,0,0,0,3309.9,1,RUNNING
9,0.00698887,3.64067e-05,7.70372e-32,0.00695247,0.257587,0.531682,0.0459934,-0.00416088,-0.0994652,0.117992,0.00255489,0.000159187,0.00438378,0.00140881,0.00245285,0.0613213,2,0.2,1,0,0,0,3302.7,1,RUNNING
10,0.00684445,3.86568e-05,0,0.00680579,0.257587,0.534564,0.0461752,-0.00389421,-0.092103,0.117882,0.00243162,0.000144423,0.004176,0.00131276,0.00234448,0.0586121,2,0.2,1,0,0,0,3348.13,1,RUNNING
11,0.00671263,4.10017e-05,3.08149e-33,0.00667163,0.257587,0.537526,0.0463499,-0.00364001,-0.0852264,0.117775,0.0023215,0.000131816,0.00398821,0.00161693,0.0022471,0.0561775,2,0.2,1,0,0,0,3320.55,1,RUNNING
12,0.0065917,4.34288e-05,2.77334e-32,0.00654827,0.257587,0.540295,0.0465182,-0.00339715,-0.0787817,0.117672,0.00222231,0.000120936,0.00381671,0.00142482,0.00215897,0.0539742,2,0.2,1,0,0,0,3322.67,1,RUNNING
13,0.00648024,4.5926e-05,0,0.00643432,0.257587,0.543289,0.0466805,-0.00316468,-0.0727246,0.117574,0.00213234,0.000111457,0.00365857,0.00136078,0.00207872,0.0519681,2,0.2,1,0,0,0,3327.59,1,RUNNING
14,0.00637711,4.84819e-05,1.2326e-32,0.00632863,0.257587,0.545978,0.0468374,-0.0029418,-0.0670182,0.11748,0.0020502,0.00010313,0.00351156,0.00137679,0.00200527,0.0501318,2,0.2,1,0,0,0,3368.73,1,RUNNING
15,0.00628135,5.10857e-05,3.08149e-33,0.00623026,0.257587,0.549244,0.0469889,-0.00272784,-0.0616308,0.11739,0.00197481,9.57624e-05,0.00337395,0.00129675,0.00193772,0.048443,2,0.2,1,0,0,0,3337.77,1,RUNNING
16,0.00619215,5.37272e-05,2.77334e-32,0.00613842,0.257587,0.551742,0.0471353,-0.00252223,-0.0565356,0.117304,0.00190526,8.9202e-05,0.00324443,0.00107262,0.00187534,0.0468834,2,0.2,1,0,0,0,3333.04,1,RUNNING
17,0.00610882,5.6397e-05,7.70372e-32,0.00605242,0.257587,0.554271,0.0472768,-0.00232444,-0.051709,0.117222,0.00184084,8.3327e-05,0.00312202,0.0012167,0.00181752,0.045438,2,0.2,1,0,0,0,3354.71,1,RUNNING
18,0.00603078,5.90865e-05,4.93038e-32,0.00597169,0.257587,0.557025,0.0474136,-0.00213403,-0.0471302,0.117144,0.00178094,7.80391e-05,0.00300595,0.000944544,0.00176376,0.0440939,2,0.2,1,0,0,0,3366.38,1,RUNNING
19,0.00595752,6.17876e-05,4.93038e-32,0.00589574,0.257587,0.559987,0.0475456,-0.00195059,-0.0427807,0.11707,0.00172505,7.32581e-05,0.00289565,0.00113665,0.00171362,0.0428406,2,0.2,1,0,0,0,3343.99,1,RUNNING
20,0.00588861,6.44934e-05,2.77334e-32,0.00582411,0.257587,0.562356,0.047673,-0.00177373,-0.038644,0.116999,0.00167274,6.89175e-05,0.00279065,0.00118468,0.00166675,0.0416687,2,0.2,1,0,0,0,3365.69,1,RUNNING
21,0.00582364,6.71972e-05,1.2326e-32,0.00575645,0.257587,0.564261,0.0477959,-0.00160312,-0.0347051,0.11693,0.00162365,6.49621e-05,0.00269058,0.0012167,0.00162282,0.0405706,2,0.2,1,0,0,0,3371.16,1,RUNNING
22,0.0057623,6.98936e-05,0,0.0056924,0.257587,0.566406,0.0479145,-0.00143845,-0.0309503,0.116865,0.00157747,6.13455e-05,0.00259514,0.0012167,0.00158157,0.0395392,2,0.2,1,0,0,0,3376.31,1,RUNNING
23,0.00570427,7.25774e-05,3.08149e-33,0.00563169,0.257587,0.568343,0.0480287,-0.0012794,-0.0273671,0.116802,0.00153392,5.80284e-05,0.00250407,0.000928535,0.00154275,0.0385687,2,0.2,1,0,0,0,3368.91,1,RUNNING
24,0.00564929,7.52444e-05,2.77334e-32,0.00557405,0.257587,0.570296,0.0481388,-0.0011257,-0.0239443,0.116742,0.00149277,5.49774e-05,0.00241713,0.000928535,0.00150616,0.037654,2,0.2,1,0,0,0,3517.76,1,RUNNING
25,0.00559713,7.78908e-05,1.50993e-31,0.00551924,0.257587,0.572346,0.0482449,-0.000977088,-0.0206713,0.116684,0.00145381,5.21637e-05,0.00233412,0.00110464,0.00147161,0.0367903,2,0.2,1,0,0,0,3496.2,1,RUNNING
26,0.00554757,8.05133e-05,1.2326e-32,0.00546705,0.257587,0.574539,0.048347,-0.000833322,-0.0175386,0.116629,0.00141687,4.95625e-05,0.00225485,0.000960553,0.00143895,0.0359736,2,0.2,1,0,0,0,3495.73,1,RUNNING
27,0.00550041,8.31092e-05,3.7286e-31,0.0054173,0.257587,0.576588,0.0484453,-0.000694168,-0.0145372,0.116575,0.00138177,4.71523e-05,0.00217913,0.000688397,0.00140802,0.0352004,2,0.2,1,0,0,0,3440.76,1,RUNNING
28,0.0054555,8.5676e-05,1.50993e-31,0.00536982,0.257587,0.577885,0.04854,-0.000559408,-0.0116591,0.116524,0.00134838,4.49144e-05,0.00210679,0.00115266,0.0013787,0.0344674,2,0.2,1,0,0,0,3489.55,1,RUNNING
29,0.00541267,8.82119e-05,1.2326e-32,0.00532445,0.257587,0.579422,0.048631,-0.000428838,-0.00889664,0.116474,0.00131658,4.28324e-05,0.00203765,0.000992572,0.00135087,0.0337717,2,0.2,1,0,0,0,3433.61,1,RUNNING
30,0.00537177,9.07152e-05,1.10934e-31,0.00528106,0.257587,0.581167,0.0487187,-0.000302266,-0.00624304,0.116427,0.00128624,4.08919e-05,0.00197156,0.000944544,0.00132443,0.0331106,2,0.2,1,0,0,0,3498.14,1,RUNNING
31,0.00533269,9.31844e-05,4.93038e-32,0.00523951,0.257587,0.58264,0.048803,-0.000179511,-0.00369185,0.11638,0.00125726,3.90801e-05,0.00190836,0.00100858,0.00129928,0.0324819,2,0.2,1,0,0,0,3415.2,1,RUNNING
32,0.00529531,9.56184e-05,1.2326e-32,0.00519969,0.257587,0.584128,0.048884,-6.04034e-05,-0.00123718,0.116336,0.00122956,3.73857e-05,0.0018479,0.000912526,0.00127533,0.0318833,2,0.2,1,0,0,0,3450.71,1,RUNNING
33,0.00525951,9.80163e-05,5.20771e-31,0.00516149,0.257587,0.585857,0.048962,5.52153e-05,0.00112645,0.116293,0.00120304,3.57988e-05,0.00179004,0.00081647,0.00125252,0.031313,2,0.2,1,0,0,0,3394.97,1,RUNNING
34,0.0052252,0.000100377,3.7286e-31,0.00512482,0.257587,0.587843,0.049037,0.000167495,0.00340406,0.116251,0.00117764,3.43103e-05,0.00173463,0.00107262,0.00123076,0.0307691,2,0.2,1,0,0,0,3516.1,1,RUNNING
35,0.00519229,0.000102701,2.49601e-31,0.00508959,0.257587,0.589219,0.0491091,0.000276576,0.00560033,0.116211,0.00115327,3.29122e-05,0.00168156,0.000960553,0.00121,0.03025,2,0.2,1,0,0,0,3236.55,1,RUNNING
36,0.00516069,0.000104987,7.70372e-32,0.0050557,0.257587,0.590372,0.0491784,0.000382591,0.00771959,0.116172,0.00112989,3.15973e-05,0.0016307,0.00107262,0.00119017,0.0297543,2,0.2,1,0,0,0,3266.85,1,RUNNING
37,0.00513033,0.000107234,3.7286e-31,0.0050231,0.257587,0.591701,0.049245,0.000485663,0.00976587,0.116134,0.00110742,3.03592e-05,0.00158193,0.00102459,0.00117122,0.0292805,2,0.2,1,0,0,0,3211.29,1,RUNNING
38,0.00510114,0.000109443,7.70372e-32,0.0049917,0.257587,0.592934,0.049309,0.000585911,0.0117429,0.116097,0.00108582,2.91919e-05,0.00153516,0.00083248,0.00115309,0.0288273,2,0.2,1,0,0,0,3281.3,1,RUNNING
39,0.00507305,0.000111614,1.97215e-31,0.00496144,0.257587,0.594086,0.0493705,0.000683445,0.0136542,0.116061,0.00106504,2.80902e-05,0.00149028,0.00083248,0.00113575,0.0283937,2,0.2,1,0,0,0,3234.52,1,RUNNING
40,0.005046,0.000113746,2.77334e-32,0.00493225,0.257587,0.595143,0.0494295,0.00077837,0.015503,0.116027,0.00104503,2.70493e-05,0.0014472,0.000896516,0.00111914,0.0279784,2,0.2,1,0,0,0,3270.5,1,RUNNING
41,0.00501993,0.000115839,0,0.0049041,0.257587,0.596183,0.0494862,0.000870785,0.0172922,0.115993,0.00102575,2.60647e-05,0.00140584,0.000880507,0.00110322,0.0275805,2,0.2,1,0,0,0,3232.11,1,RUNNING
42,0.0049948,0.000117894,3.7286e-31,0.00487691,0.257587,0.597224,0.0495405,0.000960783,0.0190249,0.11596,0.00100716,2.51326e-05,0.00136611,0.000800461,0.00108796,0.027199,2,0.2,1,0,0,0,3503.99,1,RUNNING
43,0.00497055,0.000119911,3.08149e-33,0.00485064,0.257587,0.598361,0.0495927,0.00104845,0.0207036,0.115928,0.000989226,2.42492e-05,0.00132794,0.000752433,0.00107332,0.0268331,2,0.2,1,0,0,0,3451.87,1,RUNNING
44,0.00494714,0.000121889,3.08149e-31,0.00482525,0.257587,0.599401,0.0496427,0.00113388,0.0223308,0.115897,0.000971912,2.34113e-05,0.00129126,0.000704406,0.00105928,0.0264819,2,0.2,1,0,0,0,3564.57,1,RUNNING
45,0.00492453,0.00012383,3.08149e-33,0.0048007,0.257587,0.600746,0.0496907,0.00121715,0.0239089,0.115867,0.000955187,2.26158e-05,0.00125601,0.00083248,0.00104579,0.0261447,2,0.2,1,0,0,0,3493.44,1,RUNNING
46,0.00490267,0.000125734,2.77334e-32,0.00477693,0.257587,0.601819,0.0497367,0.00129833,0.02544,0.115837,0.000939023,2.18599e-05,0.00122212,0.000640369,0.00103283,0.0258207,2,0.2,1,0,0,0,3669.63,1,RUNNING
47,0.00488153,0.000127601,2.77334e-32,0.00475392,0.257587,0.602955,0.0497807,0.0013775,0.0269263,0.115808,0.000923391,2.11411e-05,0.00118953,0.000640369,0.00102037,0.0255093,2,0.2,1,0,0,0,3577.44,1,RUNNING
48,0.00486107,0.000129432,4.43734e-31,0.00473164,0.257587,0.603964,0.0498228,0.00145473,0.0283697,0.115779,0.000908268,2.04569e-05,0.00115818,0.000800461,0.00100839,0.0252099,2,0.2,1,0,0,0,3611.46,1,RUNNING
49,0.00484126,0.000131226,2.59153e-30,0.00471004,0.257587,0.604892,0.0498631,0.00153008,0.029772,0.115752,0.000893627,1.98053e-05,0.00112803,0.000672387,0.000996871,0.0249218,2,0.2,1,0,0,0,3545.63,1,RUNNING
50,0.00482208,0.000132985,2.50322e-25,0.00468909,0.257587,0.606109,0.0499017,0.00160362,0.0311351,0.115724,0.000879447,1.91841e-05,0.00109903,0.00062436,0.000985779,0.0246445,2,0.2,1,0,0,0,3676.53,1,RUNNING
51,0.00480349,0.000134709,1.97215e-31,0.00466878,0.257587,0.607006,0.0499386,0.00167541,0.0324605,0.115698,0.000865706,1.85916e-05,0.00107112,0.00062436,0.000975099,0.0243775,2,0.2,1,0,0,0,3584.24,1,RUNNING
52,0.00478546,0.000136398,7.70372e-32,0.00464906,0.257587,0.60803,0.0499738,0.00174552,0.0337498,0.115671,0.000852387,1.8026e-05,0.00104427,0.000528304,0.00096481,0.0241203,2,0.2,1,0,0,0,3666.46,1,RUNNING
53,0.00476798,0.000138054,1.11242e-30,0.00462992,0.257587,0.609071,0.0500074,0.00181398,0.0350044,0.115646,0.00083947,1.74858e-05,0.00101842,0.000592341,0.000954895,0.0238724,2,0.2,1,0,0,0,3539.38,1,RUNNING
54,0.00475101,0.000139676,1.2326e-32,0.00461133,0.257587,0.609935,0.0500395,0.00188086,0.0362258,0.115621,0.000826938,1.69695e-05,0.000993538,0.000656378,0.000945335,0.0236334,2,0.2,1,0,0,0,3617.23,1,RUNNING
55,0.00473453,0.000141265,6.93335e-31,0.00459327,0.257587,0.610832,0.0500701,0.00194621,0.0374153,0.115596,0.000814774,1.64757e-05,0.000969588,0.000704406,0.000936114,0.0234028,2,0.2,1,0,0,0,3515.92,1,RUNNING
56,0.00471853,0.000142822,2.2464e-30,0.00457571,0.257587,0.611888,0.0500993,0.00201007,0.0385741,0.115571,0.000802963,1.60032e-05,0.000946529,0.00062436,0.000927216,0.0231804,2,0.2,1,0,0,0,3606.85,1,RUNNING
57,0.00470298,0.000144347,1.63011e-30,0.00455863,0.257587,0.612833,0.050127,0.0020725,0.0397035,0.115547,0.00079149,1.55508e-05,0.000924327,0.000656378,0.000918628,0.0229657,2,0.2,1,0,0,0,3541.21,1,RUNNING
58,0.00468786,0.000145841,3.5622e-30,0.00454202,0.257587,0.613681,0.0501534,0.00213354,0.0408044,0.115524,0.000780342,1.51173e-05,0.000902947,0.000688397,0.000910334,0.0227584,2,0.2,1,0,0,0,3618.38,1,RUNNING
59,0.00467316,0.000147305,7.39865e-30,0.00452585,0.257587,0.614402,0.0501784,0.00219322,0.0418781,0.1155,0.000769505,1.47017e-05,0.000882358,0.000496286,0.000902323,0.0225581,2,0.2,1,0,0,0,3544.54,1,RUNNING
60,0.00465885,0.000148739,8.01495e-30,0.00451012,0.257587,0.615475,0.0502022,0.0022516,0.0429255,0.115477,0.000758966,1.43032e-05,0.000862528,0.00060835,0.00089458,0.0223645,2,0.2,1,0,0,0,3657.23,1,RUNNING
61,0.00464493,0.000150143,7.39865e-30,0.00449479,0.257587,0.616323,0.0502248,0.00230872,0.0439476,0.115455,0.000748715,1.39207e-05,0.000843427,0.000640369,0.000887095,0.0221774,2,0.2,1,0,0,0,3594.29,1,RUNNING
62,0.00463138,0.000151519,9.3215e-30,0.00447986,0.257587,0.617059,0.0502461,0.0023646,0.0449453,0.115432,0.00073874,1.35535e-05,0.000825027,0.00062436,0.000879857,0.0219964,2,0.2,1,0,0,0,3664.66,1,RUNNING
63,0.00461818,0.000152866,1.64212e-29,0.00446531,0.257587,0.61802,0.0502663,0.0024193,0.0459195,0.11541,0.000729031,1.32007e-05,0.000807301,0.000512295,0.000872854,0.0218214,2,0.2,1,0,0,0,3589.76,1,RUNNING
64,0.00460532,0.000154186,1.38328e-29,0.00445113,0.257587,0.618868,0.0502854,0.00247283,0.0468711,0.115389,0.000719577,1.28617e-05,0.000790222,0.000528304,0.000866077,0.0216519,2,0.2,1,0,0,0,3620.85,1,RUNNING
65,0.00459278,0.000155479,3.39734e-29,0.0044373,0.257587,0.619605,0.0503033,0.00252525,0.0478008,0.115367,0.000710369,1.25357e-05,0.000773767,0.000480277,0.000859516,0.0214879,2,0.2,1,0,0,0,3614.65,1,RUNNING
66,0.00458056,0.000156745,4.21825e-29,0.00442381,0.257587,0.620517,0.0503203,0.00257657,0.0487094,0.115346,0.000701399,1.22221e-05,0.00075791,0.00060835,0.000853162,0.021329,2,0.2,1,0,0,0,3427.37,1,RUNNING
67,0.00456864,0.000157986,4.58649e-29,0.00441065,0.257587,0.621382,0.0503362,0.00262684,0.0495976,0.115325,0.000692657,1.19203e-05,0.000742628,0.000464267,0.000847006,0.0211751,2,0.2,1,0,0,0,3293.54,1,RUNNING
68,0.00455701,0.000159201,8.69719e-29,0.00439781,0.257587,0.622086,0.0503511,0.00267608,0.0504662,0.115304,0.000684135,1.16297e-05,0.000727899,0.000432249,0.00084104,0.021026,2,0.2,1,0,0,0,3409.84,1,RUNNING
69,0.00454566,0.000160392,1.05464e-28,0.00438527,0.257587,0.623063,0.0503651,0.00272432,0.0513158,0.115283,0.000675825,1.13498e-05,0.000713703,0.000512295,0.000835256,0.0208814,2,0.2,1,0,0,0,3439.08,1,RUNNING
70,0.00453458,0.000161559,1.78976e-28,0.00437302,0.257587,0.623975,0.0503781,0.0027716,0.052147,0.115263,0.00066772,1.10801e-05,0.000700017,0.000496286,0.000829647,0.0207412,2,0.2,1,0,0,0,3450.41,1,RUNNING
71,0.00452376,0.000162701,2.36439e-28,0.00436106,0.257587,0.624888,0.0503903,0.00281793,0.0529605,0.115243,0.000659813,1.082e-05,0.000686822,0.000448258,0.000824205,0.0206051,2,0.2,1,0,0,0,3422.35,1,RUNNING
72,0.00451319,0.000163821,2.59153e-28,0.00434937,0.257587,0.625576,0.0504015,0.00286335,0.0537567,0.115223,0.000652097,1.05692e-05,0.0006741,0.000560323,0.000818925,0.0204731,2,0.2,1,0,0,0,3444.95,1,RUNNING
73,0.00450286,0.000164918,3.11612e-28,0.00433794,0.257587,0.626521,0.050412,0.00290787,0.0545364,0.115203,0.000644566,1.03272e-05,0.000661832,0.000496286,0.000813799,0.020345,2,0.2,1,0,0,0,3481.76,1,RUNNING
74,0.00449277,0.000165994,3.68903e-28,0.00432678,0.257587,0.627193,0.0504216,0.00295153,0.0553,0.115184,0.000637213,1.00936e-05,0.00065,0.000288166,0.000808821,0.0202205,2,0.2,1,0,0,0,3531.77,1,RUNNING
75,0.0044829,0.000167047,4.66294e-28,0.00431585,0.257587,0.627946,0.0504305,0.00299436,0.056048,0.115164,0.000630032,9.86812e-06,0.000638586,0.000464267,0.000803986,0.0200997,2,0.2,1,0,0,0,3309.2,1,RUNNING
76,0.00447325,0.00016808,6.04739e-28,0.00430517,0.257587,0.62841,0.0504385,0.00303636,0.056781,0.115145,0.000623018,9.65027e-06,0.000627575,0.000560323,0.000799288,0.0199822,2,0.2,1,0,0,0,3353.65,1,RUNNING
77,0.00446381,0.000169092,6.18467e-28,0.00429472,0.257587,0.629274,0.0504459,0.00307756,0.0574994,0.115126,0.000616166,9.43978e-06,0.000616951,0.000496286,0.000794722,0.019868,2,0.2,1,0,0,0,3279.02,1,RUNNING
78,0.00445458,0.000170085,6.52043e-28,0.00428449,0.257587,0.630075,0.0504525,0.003118,0.0582036,0.115107,0.000609469,9.23632e-06,0.000606698,0.000336194,0.000790282,0.0197571,2,0.2,1,0,0,0,3317.29,1,RUNNING
79,0.00444554,0.000171057,6.95261e-28,0.00427448,0.257587,0.630843,0.0504585,0.00315768,0.0588941,0.115088,0.000602924,9.03958e-06,0.000596802,0.000352203,0.000785964,0.0196491,2,0.2,1,0,0,0,3300.1,1,RUNNING
80,0.00443669,0.000172011,8.07794e-28,0.00426468,0.257587,0.631388,0.0504638,0.00319662,0.0595713,0.115069,0.000596526,8.84928e-06,0.000587247,0.000368212,0.000781763,0.0195441,2,0.2,1,0,0,0,3324.51,1,RUNNING
81,0.00442802,0.000172946,8.42876e-28,0.00425507,0.257587,0.63206,0.0504684,0.00323485,0.0602356,0.115051,0.000590269,8.66514e-06,0.000578018,0.000432249,0.000777675,0.0194419,2,0.2,1,0,0,0,3285.27,1,RUNNING
82,0.00441953,0.000173864,9.80209e-28,0.00424567,0.257587,0.632861,0.0504725,0.00327239,0.0608875,0.115033,0.000584149,8.48692e-06,0.000569103,0.000272157,0.000773696,0.0193424,2,0.2,1,0,0,0,3327.41,1,RUNNING
83,0.00441122,0.000174763,1.22693e-27,0.00423646,0.257587,0.633613,0.0504759,0.00330925,0.0615272,0.115014,0.000578163,8.31436e-06,0.000560491,0.000288166,0.000769821,0.0192455,2,0.2,1,0,0,0,3458.02,1,RUNNING
84,0.00440307,0.000175645,1.3957e-27,0.00422743,0.257587,0.634173,0.0504788,0.00334545,0.0621551,0.114996,0.000572306,8.14723e-06,0.000552166,0.000352203,0.000766047,0.0191512,2,0.2,1,0,0,0,3479.3,1,RUNNING
85,0.00439509,0.000176511,1.15793e-27,0.00421858,0.257587,0.634846,0.0504811,0.00338101,0.0627716,0.114978,0.000566574,7.98531e-06,0.000544117,0.000528304,0.000762369,0.0190592,2,0.2,1,0,0,0,3279.14,1,RUNNING
86,0.00438726,0.00017736,1.19218e-27,0.0042099,0.257587,0.63547,0.0504829,0.00341595,0.0633771,0.11496,0.000560964,7.8284e-06,0.000536335,0.000560323,0.000758786,0.0189697,2,0.2,1,0,0,0,3545.38,1,RUNNING
87,0.00437958,0.000178193,1.43327e-27,0.00420139,0.257587,0.636142,0.0504842,0.00345028,0.0639717,0.114943,0.000555472,7.67629e-06,0.000528804,0.000464267,0.000755293,0.0188823,2,0.2,1,0,0,0,3510.79,1,RUNNING
88,0.00437205,0.000179011,1.47988e-27,0.00419304,0.257587,0.636815,0.050485,0.00348401,0.0645559,0.114925,0.000550095,7.5288e-06,0.000521517,0.00041624,0.000751887,0.0187972,2,0.2,1,0,0,0,3608.39,1,RUNNING
89,0.00436467,0.000179814,1.74259e-27,0.00418485,0.257587,0.637487,0.0504853,0.00351717,0.0651299,0.114908,0.000544829,7.38574e-06,0.000514461,0.000400231,0.000748565,0.0187141,2,0.2,1,0,0,0,3599.85,1,RUNNING
90,0.00435742,0.000180602,1.76584e-27,0.00417682,0.257587,0.638015,0.0504851,0.00354976,0.065694,0.114891,0.000539671,7.24695e-06,0.000507629,0.000304175,0.000745324,0.0186331,2,0.2,1,0,0,0,3605.17,1,RUNNING
91,0.00435031,0.000181376,1.80808e-27,0.00416893,0.257587,0.638528,0.0504845,0.00358181,0.0662484,0.114873,0.000534619,7.11225e-06,0.000501009,0.000544314,0.000742162,0.0185541,2,0.2,1,0,0,0,3589.98,1,RUNNING
92,0.00434333,0.000182135,2.20547e-27,0.00416119,0.257587,0.63912,0.0504835,0.00361332,0.0667936,0.114856,0.000529668,6.98151e-06,0.000494592,0.000304175,0.000739076,0.0184769,2,0.2,1,0,0,0,3625.47,1,RUNNING
93,0.00433647,0.000182881,2.80451e-27,0.00415359,0.257587,0.639632,0.050482,0.0036443,0.0673296,0.114839,0.000524817,6.85455e-06,0.000488367,0.000304175,0.000736062,0.0184016,2,0.2,1,0,0,0,3622.47,1,RUNNING
94,0.00432974,0.000183614,2.92333e-27,0.00414613,0.257587,0.640241,0.0504802,0.00367478,0.0678568,0.114823,0.000520063,6.73125e-06,0.000482328,0.000384221,0.00073312,0.018328,2,0.2,1,0,0,0,3686.65,1,RUNNING
95,0.00432313,0.000184334,3.02627e-27,0.0041388,0.257587,0.640865,0.050478,0.00370477,0.0683753,0.114806,0.000515402,6.61147e-06,0.000476468,0.000480277,0.000730246,0.0182561,2,0.2,1,0,0,0,3630.28,1,RUNNING
96,0.00431664,0.000185042,3.1372e-27,0.00413159,0.257587,0.641425,0.0504754,0.00373426,0.0688855,0.114789,0.000510833,6.49509e-06,0.000470778,0.000400231,0.000727438,0.0181859,2,0.2,1,0,0,0,3656.22,1,RUNNING
97,0.00431025,0.000185737,3.23117e-27,0.00412452,0.257587,0.64173,0.0504725,0.00376329,0.0693875,0.114773,0.000506354,6.38197e-06,0.000465251,0.000384221,0.000724694,0.0181173,2,0.2,1,0,0,0,3641.62,1,RUNNING
98,0.00430398,0.00018642,4.06818e-27,0.00411756,0.257587,0.642386,0.0504693,0.00379185,0.0698816,0.114757,0.000501961,6.27201e-06,0.000459878,0.000400231,0.000722012,0.0180503,2,0.2,1,0,0,0,3693.57,1,RUNNING
99,0.00429782,0.000187092,4.19664e-27,0.00411072,0.257587,0.643235,0.0504657,0.00381997,0.0703679,0.114741,0.000497652,6.16508e-06,0.000454652,0.000304175,0.00071939,0.0179848,2,0.2,1,0,0,0,3636.6,1,RUNNING
100,0.00429175,0.000187752,4.82253e-27,0.004104,0.257587,0.644019,0.0504618,0.00384764,0.0708466,0.114725,0.000493426,6.06109e-06,0.000449569,0.000288166,0.000716826,0.0179207,2,0.2,1,0,0,0,3704.55,1,RUNNING
101,0.0042858,0.000188401,4.44474e-27,0.00409739,0.257587,0.644563,0.0504576,0.00387489,0.071318,0.114709,0.00048928,5.95993e-06,0.000444622,0.000400231,0.000714319,0.017858,2,0.2,1,0,0,0,3627.54,1,RUNNING
102,0.00427993,0.00018904,4.51161e-27,0.00409089,0.257587,0.645252,0.0504532,0.00390172,0.0717822,0.114693,0.000485212,5.8615e-06,0.000439804,0.000240138,0.000711866,0.0177967,2,0.2,1,0,0,0,3707.6,1,RUNNING
103,0.00427417,0.000189668,4.63927e-27,0.0040845,0.257587,0.645828,0.0504485,0.00392813,0.0722394,0.114677,0.00048122,5.7657e-06,0.00043511,0.000368212,0.000709467,0.0177367,2,0.2,1,0,0,0,3617.44,1,RUNNING
104,0.0042685,0.000190286,4.78406e-27,0.00407821,0.257587,0.646516,0.0504435,0.00395415,0.0726898,0.114661,0.000477303,5.67246e-06,0.000430535,0.000288166,0.000707118,0.017678,2,0.2,1,0,0,0,3661.73,1,RUNNING
105,0.00426291,0.000190894,4.88441e-27,0.00407202,0.257587,0.647061,0.0504383,0.00397978,0.0731335,0.114646,0.000473458,5.58167e-06,0.000426073,0.000512295,0.000704819,0.0176205,2,0.2,1,0,0,0,3622.76,1,RUNNING
106,0.00425742,0.000191493,5.51662e-27,0.00406593,0.257587,0.647397,0.0504328,0.00400503,0.0735707,0.114631,0.000469684,5.49326e-06,0.000421719,0.000288166,0.000702569,0.0175642,2,0.2,1,0,0,0,3612.6,1,RUNNING
107,0.00425201,0.000192082,5.66604e-27,0.00405993,0.257587,0.647749,0.0504271,0.00402991,0.0740016,0.114615,0.000465979,5.40716e-06,0.000417468,0.000272157,0.000700366,0.0175091,2,0.2,1,0,0,0,3577.39,1,RUNNING
108,0.00424669,0.000192662,5.7163e-27,0.00405403,0.257587,0.648341,0.0504212,0.00405442,0.0744262,0.1146,0.000462341,5.32328e-06,0.000413318,0.000240138,0.000698208,0.0174552,2,0.2,1,0,0,0,3684.91,1,RUNNING
109,0.00424145,0.000193233,5.92807e-27,0.00404822,0.257587,0.649046,0.0504151,0.00407857,0.0748449,0.114585,0.000458769,5.24155e-06,0.000409263,0.000256148,0.000696094,0.0174024,2,0.2,1,0,0,0,3706.83,1,RUNNING
110,0.00423629,0.000193795,5.35293e-27,0.00404249,0.257587,0.64959,0.0504088,0.00410238,0.0752576,0.11457,0.000455261,5.1619e-06,0.000405299,0.000368212,0.000694023,0.0173506,2,0.2,1,0,0,0,3591.85,1,RUNNING
111,0.0042312,0.000194349,5.40177e-27,0.00403685,0.257587,0.64991,0.0504024,0.00412585,0.0756645,0.114556,0.000451815,5.08426e-06,0.000401422,0.000336194,0.000691994,0.0172999,2,0.2,1,0,0,0,3559.86,1,RUNNING
112,0.00422619,0.000194895,6.16111e-27,0.0040313,0.257587,0.650423,0.0503957,0.00414899,0.0760659,0.114541,0.000448431,5.00858e-06,0.000397628,0.00041624,0.000690006,0.0172501,2,0.2,1,0,0,0,3595.11,1,RUNNING
113,0.00422126,0.000195432,6.21351e-27,0.00402583,0.257587,0.651031,0.0503889,0.0041718,0.0764617,0.114526,0.000445107,4.93478e-06,0.000393916,0.000224129,0.000688057,0.0172014,2,0.2,1,0,0,0,3582.71,1,RUNNING
114,0.0042164,0.000195962,6.52359e-27,0.00402043,0.257587,0.651511,0.0503819,0.00419429,0.0768521,0.114512,0.000441841,4.86281e-06,0.000390281,0.000352203,0.000686146,0.0171537,2,0.2,1,0,0,0,3584.93,1,RUNNING
115,0.0042116,0.000196484,8.1571e-27,0.00401512,0.257587,0.652008,0.0503747,0.00421647,0.0772372,0.114498,0.000438632,4.79262e-06,0.000386719,0.000192111,0.000684273,0.0171068,2,0.2,1,0,0,0,3556.16,1,RUNNING
116,0.00420688,0.000196999,8.23751e-27,0.00400988,0.257587,0.652456,0.0503674,0.00423835,0.0776172,0.114484,0.000435479,4.72414e-06,0.000383229,0.000400231,0.000682436,0.0170609,2,0.2,1,0,0,0,3588.27,1,RUNNING
117,0.00420222,0.000197507,8.39952e-27,0.00400472,0.257587,0.65268,0.05036,0.00425993,0.0779922,0.114469,0.000432381,4.65733e-06,0.000379809,0.000288166,0.000680634,0.0170158,2,0.2,1,0,0,0,3564.93,1,RUNNING
118,0.00419763,0.000198007,9.44785e-27,0.00399962,0.257587,0.652952,0.0503525,0.00428122,0.0783622,0.114456,0.000429336,4.59212e-06,0.000376454,0.000272157,0.000678866,0.0169717,2,0.2,1,0,0,0,3590.52,1,RUNNING
119,0.0041931,0.0001985,9.66491e-27,0.0039946,0.257587,0.653272,0.0503448,0.00430222,0.0787274,0.114442,0.000426343,4.52849e-06,0.000373164,0.000336194,0.000677132,0.0169283,2,0.2,1,0,0,0,3509.97,1,RUNNING
120,0.00418864,0.000198987,9.95077e-27,0.00398965,0.257587,0.65364,0.050337,0.00432294,0.0790879,0.114428,0.000423401,4.46637e-06,0.000369936,0.000336194,0.00067543,0.0168858,2,0.2,1,0,0,0,3514.64,1,RUNNING
121,0.00418423,0.000199467,1.0073e-26,0.00398476,0.257587,0.653897,0.0503291,0.00434339,0.0794438,0.114414,0.00042051,4.40573e-06,0.000366768,0.000176101,0.00067376,0.016844,2,0.2,1,0,0,0,3511.25,1,RUNNING
122,0.00417988,0.000199941,1.02296e-26,0.00397994,0.257587,0.654201,0.0503211,0.00436357,0.0797951,0.114401,0.000417667,4.34651e-06,0.000363657,0.000400231,0.000672121,0.016803,2,0.2,1,0,0,0,3557.21,1,RUNNING
123,0.00417559,0.000200409,1.03648e-26,0.00397519,0.257587,0.654569,0.0503129,0.00438348,0.0801421,0.114387,0.000414872,4.28868e-06,0.000360602,0.000320184,0.000670512,0.0167628,2,0.2,1,0,0,0,3525.72,1,RUNNING
124,0.00417136,0.00020087,1.14901e-26,0.00397049,0.257587,0.655113,0.0503047,0.00440314,0.0804846,0.114374,0.000412124,4.2322e-06,0.0003576,0.000288166,0.000668932,0.0167233,2,0.2,1,0,0,0,3561.32,1,RUNNING
125,0.00416718,0.000201325,1.29373e-26,0.00396586,0.257587,0.655562,0.0502964,0.00442255,0.080823,0.114361,0.000409422,4.17703e-06,0.000354649,0.000400231,0.00066738,0.0166845,2,0.2,1,0,0,0,3555.51,1,RUNNING
126,0.00416306,0.000201775,1.45238e-26,0.00396129,0.257587,0.65585,0.0502881,0.00444171,0.0811571,0.114348,0.000406765,4.12312e-06,0.000351747,0.000224129,0.000665857,0.0166464,2,0.2,1,0,0,0,3577.51,1,RUNNING
127,0.00415899,0.000202219,1.49144e-26,0.00395677,0.257587,0.656378,0.0502796,0.00446063,0.0814872,0.114335,0.000404152,4.07045e-06,0.000348894,0.000272157,0.00066436,0.016609,2,0.2,1,0,0,0,3556.06,1,RUNNING
128,0.00415497,0.000202657,1.51185e-26,0.00395232,0.257587,0.65681,0.0502711,0.00447931,0.0818133,0.114322,0.000401582,4.01897e-06,0.000346091,0.000304175,0.00066289,0.0165722,2,0.2,1,0,0,0,3563.19,1,RUNNING
129,0.004151,0.00020309,1.69019e-26,0.00394791,0.257587,0.657227,0.0502625,0.00449776,0.0821355,0.114309,0.000399054,3.96866e-06,0.000343333,0.000288166,0.000661445,0.0165361,2,0.2,1,0,0,0,3582.82,1,RUNNING
130,0.00414708,0.000203518,1.72063e-26,0.00394357,0.257587,0.657595,0.0502538,0.00451598,0.0824539,0.114296,0.000396567,3.91948e-06,0.00034062,0.000272157,0.000660026,0.0165006,2,0.2,1,0,0,0,3630.06,1,RUNNING
131,0.00414321,0.00020394,1.73523e-26,0.00393927,0.257587,0.657899,0.0502451,0.00453398,0.0827684,0.114284,0.000394121,3.87141e-06,0.000337951,0.000176101,0.000658631,0.0164658,2,0.2,1,0,0,0,3586.11,1,RUNNING
132,0.00413939,0.000204358,1.75282e-26,0.00393503,0.257587,0.658171,0.0502363,0.00455175,0.0830793,0.114271,0.000391715,3.8244e-06,0.000335323,0.000224129,0.000657259,0.0164315,2,0.2,1,0,0,0,3619.39,1,RUNNING
133,0.00413561,0.00020477,1.78679e-26,0.00393084,0.257587,0.658619,0.0502275,0.00456931,0.0833866,0.114259,0.000389348,3.77843e-06,0.000332737,0.000320184,0.000655911,0.0163978,2,0.2,1,0,0,0,3522.07,1,RUNNING
134,0.00413188,0.000205178,1.82109e-26,0.0039267,0.257587,0.658924,0.0502186,0.00458666,0.0836903,0.114246,0.000387019,3.73347e-06,0.000330191,0.000272157,0.000654586,0.0163646,2,0.2,1,0,0,0,3616.67,1,RUNNING
135,0.00412819,0.000205581,2.01791e-26,0.00392261,0.257587,0.659308,0.0502096,0.00460381,0.0839905,0.114234,0.000384727,3.6895e-06,0.000327683,0.000240138,0.000653283,0.0163321,2,0.2,1,0,0,0,3528.1,1,RUNNING
136,0.00412454,0.000205979,2.04005e-26,0.00391856,0.257587,0.659708,0.0502006,0.00462074,0.0842873,0.114222,0.000382472,3.64648e-06,0.000325213,0.000320184,0.000652001,0.0163,2,0.2,1,0,0,0,3565.28,1,RUNNING
137,0.00412094,0.000206372,2.47317e-26,0.00391456,0.257587,0.660028,0.0501916,0.00463748,0.0845807,0.11421,0.000380253,3.6044e-06,0.000322779,0.000272157,0.00065074,0.0162685,2,0.2,1,0,0,0,3532.31,1,RUNNING
138,0.00411737,0.000206762,2.54881e-26,0.00391061,0.257587,0.660524,0.0501826,0.00465403,0.0848708,0.114198,0.000378069,3.56321e-06,0.000320376,0.000256148,0.0006495,0.0162375,2,0.2,1,0,0,0,3623.31,1,RUNNING
139,0.00411385,0.000207147,2.83843e-26,0.0039067,0.257587,0.660749,0.0501735,0.00467038,0.0851577,0.114186,0.000375919,3.52291e-06,0.000318011,0.000224129,0.00064828,0.016207,2,0.2,1,0,0,0,3517.41,1,RUNNING
140,0.00411037,0.000207527,3.14559e-26,0.00390284,0.257587,0.661181,0.0501643,0.00468654,0.0854415,0.114175,0.000373804,3.48348e-06,0.000315682,0.000304175,0.000647079,0.016177,2,0.2,1,0,0,0,3598.51,1,RUNNING
141,0.00410692,0.000207904,3.19699e-26,0.00389902,0.257587,0.661357,0.0501552,0.00470252,0.0857221,0.114163,0.000371722,3.44488e-06,0.000313388,0.000272157,0.000645898,0.0161474,2,0.2,1,0,0,0,3523.29,1,RUNNING
142,0.00410351,0.000208276,3.25482e-26,0.00389524,0.257587,0.661677,0.050146,0.00471831,0.0859996,0.114151,0.000369672,3.40709e-06,0.000311127,0.000240138,0.000644735,0.0161184,2,0.2,1,0,0,0,3617.31,1,RUNNING
143,0.00410014,0.000208645,3.90755e-26,0.0038915,0.257587,0.661869,0.0501368,0.00473393,0.0862742,0.11414,0.000367654,3.3701e-06,0.000308895,0.000128074,0.00064359,0.0160897,2,0.2,1,0,0,0,3530.56,1,RUNNING
144,0.00409681,0.000209009,4.03141e-26,0.0038878,0.257587,0.662173,0.0501276,0.00474936,0.0865458,0.114128,0.000365668,3.33387e-06,0.000306696,0.000224129,0.000642463,0.0160616,2,0.2,1,0,0,0,3574.1,1,RUNNING
145,0.00409351,0.00020937,4.08285e-26,0.00388414,0.257587,0.662558,0.0501183,0.00476463,0.0868145,0.114117,0.000363713,3.29841e-06,0.00030453,0.000256148,0.000641353,0.0160338,2,0.2,1,0,0,0,3501.59,1,RUNNING
146,0.00409025,0.000209727,4.51077e-26,0.00388052,0.257587,0.66291,0.050109,0.00477973,0.0870803,0.114106,0.000361788,3.26368e-06,0.000302392,0.00020812,0.00064026,0.0160065,2,0.2,1,0,0,0,3629.64,1,RUNNING
147,0.00408702,0.00021008,4.58892e-26,0.00387694,0.257587,0.66315,0.0500997,0.00479466,0.0873433,0.114095,0.000359893,3.22966e-06,0.000300286,0.000304175,0.000639184,0.0159796,2,0.2,1,0,0,0,3504.26,1,RUNNING
148,0.00408382,0.00021043,4.66534e-26,0.00387339,0.257587,0.663358,0.0500904,0.00480943,0.0876036,0.114083,0.000358027,3.19634e-06,0.00029821,0.000112065,0.000638124,0.0159531,2,0.2,1,0,0,0,3600.51,1,RUNNING
149,0.00408066,0.000210776,4.75691e-26,0.00386988,0.257587,0.663726,0.0500811,0.00482403,0.0878612,0.114072,0.00035619,3.16371e-06,0.000296163,0.00020812,0.000637079,0.015927,2,0.2,1,0,0,0,3515.88,1,RUNNING
150,0.00407753,0.000211118,4.80546e-26,0.00386641,0.257587,0.66395,0.0500718,0.00483848,0.0881161,0.114062,0.000354381,3.13173e-06,0.000294144,0.000256148,0.00063605,0.0159012,2,0.2,1,0,0,0,3609.54,1,RUNNING
151,0.00407443,0.000211458,5.66063e-26,0.00386297,0.257587,0.664079,0.0500624,0.00485277,0.0883684,0.114051,0.000352599,3.1004e-06,0.000292151,0.000224129,0.000635036,0.0158759,2,0.2,1,0,0,0,3521.25,1,RUNNING
152,0.00407136,0.000211793,6.67728e-26,0.00385956,0.257587,0.664207,0.0500531,0.00486691,0.0886181,0.11404,0.000350845,3.0697e-06,0.000290181,0.000272157,0.000634036,0.0158509,2,0.2,1,0,0,0,3566.63,1,RUNNING
153,0.00406832,0.000212126,6.88253e-26,0.00385619,0.257587,0.664463,0.0500437,0.00488089,0.0888653,0.114029,0.000349117,3.03962e-06,0.00028824,0.000256148,0.000633051,0.0158263,2,0.2,1,0,0,0,3506.01,1,RUNNING
154,0.00406531,0.000212455,6.96139e-26,0.00385285,0.257587,0.664751,0.0500344,0.00489473,0.08911,0.114018,0.000347415,3.01013e-06,0.000286328,0.000176101,0.000632079,0.015802,2,0.2,1,0,0,0,3618.34,1,RUNNING
155,0.00406233,0.000212782,7.64835e-26,0.00384954,0.257587,0.664943,0.050025,0.00490843,0.0893523,0.114008,0.000345739,2.98123e-06,0.00028444,0.000224129,0.000631122,0.015778,2,0.2,1,0,0,0,3510.31,1,RUNNING
156,0.00405937,0.000213105,7.74692e-26,0.00384627,0.257587,0.665199,0.0500156,0.00492198,0.0895921,0.113997,0.000344088,2.95291e-06,0.000282578,0.000352203,0.000630177,0.0157544,2,0.2,1,0,0,0,3583.43,1,RUNNING
157,0.00405645,0.000213425,7.87413e-26,0.00384302,0.257587,0.665439,0.0500063,0.00493539,0.0898296,0.113987,0.000342462,2.92514e-06,0.000280743,0.000192111,0.000629246,0.0157311,2,0.2,1,0,0,0,3504.65,1,RUNNING
158,0.00405355,0.000213742,8.01181e-26,0.00383981,0.257587,0.665711,0.0499969,0.00494866,0.0900648,0.113976,0.000340861,2.89791e-06,0.000278932,0.000192111,0.000628327,0.0157082,2,0.2,1,0,0,0,3617.94,1,RUNNING
159,0.00405068,0.000214056,8.15067e-26,0.00383662,0.257587,0.665904,0.0499875,0.00496179,0.0902976,0.113966,0.000339283,2.87122e-06,0.000277145,0.000160092,0.000627421,0.0156855,2,0.2,1,0,0,0,3515.51,1,MAX_STEPS
# CERTIFIED_STEP 159 termination MAX_STEPS
# FINAL_RECOMPUTE unpenalized C_H of certified accepted h; not an iterate J_tensor=0.0568437 C11=0.195289 C12=0.0561716 nu_eff=0.223381 C_fro=0.441079 elasticity=1
