family,job,account,nodes,ranks,partition,Nx,Ny,Nz,local_inbox,inbox_xyz,outbox_xyz,real_grid,complex_grid,reshape,use_pencils,use_reorder,use_gpu_aware,admit,reason,revision,dirty,bin_sha256,heffte_module,mpi_module,wall_step_s,wall_step_spread_s,checksum,maxrss_kb,scratch
512,22178087,project_462001245,128,1024,standard-g,512,512,524288,512x512x512,512x512x512,129x1x524288,1x1x1024,2x512x1,p2p_plined,0,1,1,ok,none,e9ebd95602cae04eb7c5e4345cc75f766b4c2698,0,17c7cfba804f9a13a89d2a431aebc82340cfa094887212dad66757131b1d1457,,cray-mpich/9.0.1 cpeGNU/25.09,0.93497996,0.09515971,HEAT3D_SPECTRAL_HIP_CHECKSUM sum_u=11.735057365395562 sumsq_u=2.4422677390080807 l2=1.5627756521676681,,/scratch/project_462001245/juaho/openpfc-scaling/heffte-protocol-tournament/runs/h3dpt-512-128n-r1_22178087/p2p_plined
512,22178087,project_462001245,128,1024,standard-g,512,512,524288,512x512x512,512x512x512,129x1x524288,1x1x1024,2x512x1,p2p,0,1,1,ok,none,e9ebd95602cae04eb7c5e4345cc75f766b4c2698,0,17c7cfba804f9a13a89d2a431aebc82340cfa094887212dad66757131b1d1457,,cray-mpich/9.0.1 cpeGNU/25.09,3.06606728,0.52311328,HEAT3D_SPECTRAL_HIP_CHECKSUM sum_u=11.735057365395562 sumsq_u=2.4422677390080807 l2=1.5627756521676681,,/scratch/project_462001245/juaho/openpfc-scaling/heffte-protocol-tournament/runs/h3dpt-512-128n-r1_22178087/p2p
512,22178087,project_462001245,128,1024,standard-g,512,512,524288,512x512x512,512x512x512,129x1x524288,1x1x1024,2x512x1,alltoallv,0,1,1,ok,none,e9ebd95602cae04eb7c5e4345cc75f766b4c2698,0,17c7cfba804f9a13a89d2a431aebc82340cfa094887212dad66757131b1d1457,,cray-mpich/9.0.1 cpeGNU/25.09,1.08276668,0.30819833,HEAT3D_SPECTRAL_HIP_CHECKSUM sum_u=11.735057365395562 sumsq_u=2.4422677390080807 l2=1.5627756521676681,,/scratch/project_462001245/juaho/openpfc-scaling/heffte-protocol-tournament/runs/h3dpt-512-128n-r1_22178087/alltoallv
512,22178087,project_462001245,128,1024,standard-g,512,512,524288,512x512x512,512x512x512,129x1x524288,1x1x1024,2x512x1,alltoall,0,1,1,ok,none,e9ebd95602cae04eb7c5e4345cc75f766b4c2698,0,17c7cfba804f9a13a89d2a431aebc82340cfa094887212dad66757131b1d1457,,cray-mpich/9.0.1 cpeGNU/25.09,1.07516674,0.49607585,HEAT3D_SPECTRAL_HIP_CHECKSUM sum_u=11.735057365395562 sumsq_u=2.4422677390080807 l2=1.5627756521676681,,/scratch/project_462001245/juaho/openpfc-scaling/heffte-protocol-tournament/runs/h3dpt-512-128n-r1_22178087/alltoall
512,22178088,project_462001245,128,1024,standard-g,512,512,524288,512x512x512,512x512x512,129x1x524288,1x1x1024,2x512x1,p2p_plined,0,1,1,ok,none,e9ebd95602cae04eb7c5e4345cc75f766b4c2698,0,17c7cfba804f9a13a89d2a431aebc82340cfa094887212dad66757131b1d1457,,cray-mpich/9.0.1 cpeGNU/25.09,0.92180715,0.09274596,HEAT3D_SPECTRAL_HIP_CHECKSUM sum_u=11.735057365395562 sumsq_u=2.4422677390080807 l2=1.5627756521676681,,/scratch/project_462001245/juaho/openpfc-scaling/heffte-protocol-tournament/runs/h3dpt-512-128n-r2_22178088/p2p_plined
512,22178088,project_462001245,128,1024,standard-g,512,512,524288,512x512x512,512x512x512,129x1x524288,1x1x1024,2x512x1,p2p,0,1,1,ok,none,e9ebd95602cae04eb7c5e4345cc75f766b4c2698,0,17c7cfba804f9a13a89d2a431aebc82340cfa094887212dad66757131b1d1457,,cray-mpich/9.0.1 cpeGNU/25.09,3.06968641,0.36066071,HEAT3D_SPECTRAL_HIP_CHECKSUM sum_u=11.735057365395562 sumsq_u=2.4422677390080807 l2=1.5627756521676681,,/scratch/project_462001245/juaho/openpfc-scaling/heffte-protocol-tournament/runs/h3dpt-512-128n-r2_22178088/p2p
512,22178088,project_462001245,128,1024,standard-g,512,512,524288,512x512x512,512x512x512,129x1x524288,1x1x1024,2x512x1,alltoallv,0,1,1,ok,none,e9ebd95602cae04eb7c5e4345cc75f766b4c2698,0,17c7cfba804f9a13a89d2a431aebc82340cfa094887212dad66757131b1d1457,,cray-mpich/9.0.1 cpeGNU/25.09,1.07901842,0.31321041,HEAT3D_SPECTRAL_HIP_CHECKSUM sum_u=11.735057365395562 sumsq_u=2.4422677390080807 l2=1.5627756521676681,,/scratch/project_462001245/juaho/openpfc-scaling/heffte-protocol-tournament/runs/h3dpt-512-128n-r2_22178088/alltoallv
512,22178088,project_462001245,128,1024,standard-g,512,512,524288,512x512x512,512x512x512,129x1x524288,1x1x1024,2x512x1,alltoall,0,1,1,ok,none,e9ebd95602cae04eb7c5e4345cc75f766b4c2698,0,17c7cfba804f9a13a89d2a431aebc82340cfa094887212dad66757131b1d1457,,cray-mpich/9.0.1 cpeGNU/25.09,1.07481393,0.49570328,HEAT3D_SPECTRAL_HIP_CHECKSUM sum_u=11.735057365395562 sumsq_u=2.4422677390080807 l2=1.5627756521676681,,/scratch/project_462001245/juaho/openpfc-scaling/heffte-protocol-tournament/runs/h3dpt-512-128n-r2_22178088/alltoall
512,22178082,project_462001245,16,128,standard-g,512,512,65536,512x512x512,512x512x512,257x4x65536,1x1x128,1x128x1,p2p_plined,0,1,1,ok,none,e9ebd95602cae04eb7c5e4345cc75f766b4c2698,0,17c7cfba804f9a13a89d2a431aebc82340cfa094887212dad66757131b1d1457,,cray-mpich/9.0.1 cpeGNU/25.09,0.46439509,0.06795099,HEAT3D_SPECTRAL_HIP_CHECKSUM sum_u=11.735057365394409 sumsq_u=2.4422677390021641 l2=1.5627756521657752,,/scratch/project_462001245/juaho/openpfc-scaling/heffte-protocol-tournament/runs/h3dpt-512-16n-r1_22178082/p2p_plined
512,22178082,project_462001245,16,128,standard-g,512,512,65536,512x512x512,512x512x512,257x4x65536,1x1x128,1x128x1,p2p,0,1,1,ok,none,e9ebd95602cae04eb7c5e4345cc75f766b4c2698,0,17c7cfba804f9a13a89d2a431aebc82340cfa094887212dad66757131b1d1457,,cray-mpich/9.0.1 cpeGNU/25.09,0.79008326,0.08825833,HEAT3D_SPECTRAL_HIP_CHECKSUM sum_u=11.735057365394409 sumsq_u=2.4422677390021641 l2=1.5627756521657752,,/scratch/project_462001245/juaho/openpfc-scaling/heffte-protocol-tournament/runs/h3dpt-512-16n-r1_22178082/p2p
512,22178082,project_462001245,16,128,standard-g,512,512,65536,512x512x512,512x512x512,257x4x65536,1x1x128,1x128x1,alltoallv,0,1,1,ok,none,e9ebd95602cae04eb7c5e4345cc75f766b4c2698,0,17c7cfba804f9a13a89d2a431aebc82340cfa094887212dad66757131b1d1457,,cray-mpich/9.0.1 cpeGNU/25.09,0.47682506,0.00789186,HEAT3D_SPECTRAL_HIP_CHECKSUM sum_u=11.735057365394409 sumsq_u=2.4422677390021641 l2=1.5627756521657752,,/scratch/project_462001245/juaho/openpfc-scaling/heffte-protocol-tournament/runs/h3dpt-512-16n-r1_22178082/alltoallv
512,22178082,project_462001245,16,128,standard-g,512,512,65536,512x512x512,512x512x512,257x4x65536,1x1x128,1x128x1,alltoall,0,1,1,ok,none,e9ebd95602cae04eb7c5e4345cc75f766b4c2698,0,17c7cfba804f9a13a89d2a431aebc82340cfa094887212dad66757131b1d1457,,cray-mpich/9.0.1 cpeGNU/25.09,0.44842330,0.00395819,HEAT3D_SPECTRAL_HIP_CHECKSUM sum_u=11.735057365394409 sumsq_u=2.4422677390021641 l2=1.5627756521657752,,/scratch/project_462001245/juaho/openpfc-scaling/heffte-protocol-tournament/runs/h3dpt-512-16n-r1_22178082/alltoall
512,22179789,project_462001245,1,1,small-g,512,512,512,512x512x512,512x512x512,257x512x512,1x1x1,1x1x1,p2p_plined,0,1,1,ok,none,e9ebd95602cae04eb7c5e4345cc75f766b4c2698,0,17c7cfba804f9a13a89d2a431aebc82340cfa094887212dad66757131b1d1457,,cray-mpich/9.0.1 cpeGNU/25.09,0.11458648,0.00165802,HEAT3D_SPECTRAL_HIP_CHECKSUM sum_u=11.735057365397696 sumsq_u=2.4422676405714037 l2=1.5627756206734873,,/scratch/project_462001245/juaho/openpfc-scaling/heffte-protocol-tournament/runs/h3dpt-512-1gcd-r1_22179789/p2p_plined
512,22179789,project_462001245,1,1,small-g,512,512,512,512x512x512,512x512x512,257x512x512,1x1x1,1x1x1,p2p,0,1,1,ok,none,e9ebd95602cae04eb7c5e4345cc75f766b4c2698,0,17c7cfba804f9a13a89d2a431aebc82340cfa094887212dad66757131b1d1457,,cray-mpich/9.0.1 cpeGNU/25.09,0.11458811,0.00086568,HEAT3D_SPECTRAL_HIP_CHECKSUM sum_u=11.735057365397696 sumsq_u=2.4422676405714037 l2=1.5627756206734873,,/scratch/project_462001245/juaho/openpfc-scaling/heffte-protocol-tournament/runs/h3dpt-512-1gcd-r1_22179789/p2p
512,22179789,project_462001245,1,1,small-g,512,512,512,512x512x512,512x512x512,257x512x512,1x1x1,1x1x1,alltoallv,0,1,1,ok,none,e9ebd95602cae04eb7c5e4345cc75f766b4c2698,0,17c7cfba804f9a13a89d2a431aebc82340cfa094887212dad66757131b1d1457,,cray-mpich/9.0.1 cpeGNU/25.09,0.11426214,0.00124607,HEAT3D_SPECTRAL_HIP_CHECKSUM sum_u=11.735057365397696 sumsq_u=2.4422676405714037 l2=1.5627756206734873,,/scratch/project_462001245/juaho/openpfc-scaling/heffte-protocol-tournament/runs/h3dpt-512-1gcd-r1_22179789/alltoallv
512,22179789,project_462001245,1,1,small-g,512,512,512,512x512x512,512x512x512,257x512x512,1x1x1,1x1x1,alltoall,0,1,1,ok,none,e9ebd95602cae04eb7c5e4345cc75f766b4c2698,0,17c7cfba804f9a13a89d2a431aebc82340cfa094887212dad66757131b1d1457,,cray-mpich/9.0.1 cpeGNU/25.09,0.11468431,0.00103593,HEAT3D_SPECTRAL_HIP_CHECKSUM sum_u=11.735057365397696 sumsq_u=2.4422676405714037 l2=1.5627756206734873,,/scratch/project_462001245/juaho/openpfc-scaling/heffte-protocol-tournament/runs/h3dpt-512-1gcd-r1_22179789/alltoall
512,22178078,project_462001245,1,8,standard-g,512,512,4096,512x512x512,512x512x512,257x64x4096,1x1x8,1x8x1,p2p_plined,0,1,1,ok,none,e9ebd95602cae04eb7c5e4345cc75f766b4c2698,0,17c7cfba804f9a13a89d2a431aebc82340cfa094887212dad66757131b1d1457,,cray-mpich/9.0.1 cpeGNU/25.09,0.12748686,0.01928429,HEAT3D_SPECTRAL_HIP_CHECKSUM sum_u=11.735057365395617 sumsq_u=2.4422677374701012 l2=1.5627756516756015,,/scratch/project_462001245/juaho/openpfc-scaling/heffte-protocol-tournament/runs/h3dpt-512-1n-r1_22178078/p2p_plined
512,22178078,project_462001245,1,8,standard-g,512,512,4096,512x512x512,512x512x512,257x64x4096,1x1x8,1x8x1,p2p,0,1,1,ok,none,e9ebd95602cae04eb7c5e4345cc75f766b4c2698,0,17c7cfba804f9a13a89d2a431aebc82340cfa094887212dad66757131b1d1457,,cray-mpich/9.0.1 cpeGNU/25.09,0.16416168,0.01436678,HEAT3D_SPECTRAL_HIP_CHECKSUM sum_u=11.735057365395617 sumsq_u=2.4422677374701012 l2=1.5627756516756015,,/scratch/project_462001245/juaho/openpfc-scaling/heffte-protocol-tournament/runs/h3dpt-512-1n-r1_22178078/p2p
512,22178078,project_462001245,1,8,standard-g,512,512,4096,512x512x512,512x512x512,257x64x4096,1x1x8,1x8x1,alltoallv,0,1,1,ok,none,e9ebd95602cae04eb7c5e4345cc75f766b4c2698,0,17c7cfba804f9a13a89d2a431aebc82340cfa094887212dad66757131b1d1457,,cray-mpich/9.0.1 cpeGNU/25.09,0.22024982,0.00531896,HEAT3D_SPECTRAL_HIP_CHECKSUM sum_u=11.735057365395617 sumsq_u=2.4422677374701012 l2=1.5627756516756015,,/scratch/project_462001245/juaho/openpfc-scaling/heffte-protocol-tournament/runs/h3dpt-512-1n-r1_22178078/alltoallv
512,22178078,project_462001245,1,8,standard-g,512,512,4096,512x512x512,512x512x512,257x64x4096,1x1x8,1x8x1,alltoall,0,1,1,ok,none,e9ebd95602cae04eb7c5e4345cc75f766b4c2698,0,17c7cfba804f9a13a89d2a431aebc82340cfa094887212dad66757131b1d1457,,cray-mpich/9.0.1 cpeGNU/25.09,0.15304030,0.00046080,HEAT3D_SPECTRAL_HIP_CHECKSUM sum_u=11.735057365395617 sumsq_u=2.4422677374701012 l2=1.5627756516756015,,/scratch/project_462001245/juaho/openpfc-scaling/heffte-protocol-tournament/runs/h3dpt-512-1n-r1_22178078/alltoall
512,22178079,project_462001245,2,16,standard-g,512,512,8192,512x512x512,512x512x512,257x32x8192,1x1x16,1x16x1,p2p_plined,0,1,1,ok,none,e9ebd95602cae04eb7c5e4345cc75f766b4c2698,0,17c7cfba804f9a13a89d2a431aebc82340cfa094887212dad66757131b1d1457,,cray-mpich/9.0.1 cpeGNU/25.09,0.24908197,0.01346229,HEAT3D_SPECTRAL_HIP_CHECKSUM sum_u=11.735057365397735 sumsq_u=2.4422677386236851 l2=1.5627756520446834,,/scratch/project_462001245/juaho/openpfc-scaling/heffte-protocol-tournament/runs/h3dpt-512-2n-r1_22178079/p2p_plined
512,22178079,project_462001245,2,16,standard-g,512,512,8192,512x512x512,512x512x512,257x32x8192,1x1x16,1x16x1,p2p,0,1,1,ok,none,e9ebd95602cae04eb7c5e4345cc75f766b4c2698,0,17c7cfba804f9a13a89d2a431aebc82340cfa094887212dad66757131b1d1457,,cray-mpich/9.0.1 cpeGNU/25.09,0.30572137,0.01706685,HEAT3D_SPECTRAL_HIP_CHECKSUM sum_u=11.735057365397735 sumsq_u=2.4422677386236851 l2=1.5627756520446834,,/scratch/project_462001245/juaho/openpfc-scaling/heffte-protocol-tournament/runs/h3dpt-512-2n-r1_22178079/p2p
512,22178079,project_462001245,2,16,standard-g,512,512,8192,512x512x512,512x512x512,257x32x8192,1x1x16,1x16x1,alltoallv,0,1,1,ok,none,e9ebd95602cae04eb7c5e4345cc75f766b4c2698,0,17c7cfba804f9a13a89d2a431aebc82340cfa094887212dad66757131b1d1457,,cray-mpich/9.0.1 cpeGNU/25.09,0.25661537,0.02284639,HEAT3D_SPECTRAL_HIP_CHECKSUM sum_u=11.735057365397735 sumsq_u=2.4422677386236851 l2=1.5627756520446834,,/scratch/project_462001245/juaho/openpfc-scaling/heffte-protocol-tournament/runs/h3dpt-512-2n-r1_22178079/alltoallv
512,22178079,project_462001245,2,16,standard-g,512,512,8192,512x512x512,512x512x512,257x32x8192,1x1x16,1x16x1,alltoall,0,1,1,ok,none,e9ebd95602cae04eb7c5e4345cc75f766b4c2698,0,17c7cfba804f9a13a89d2a431aebc82340cfa094887212dad66757131b1d1457,,cray-mpich/9.0.1 cpeGNU/25.09,0.27483293,0.00711638,HEAT3D_SPECTRAL_HIP_CHECKSUM sum_u=11.735057365397735 sumsq_u=2.4422677386236851 l2=1.5627756520446834,,/scratch/project_462001245/juaho/openpfc-scaling/heffte-protocol-tournament/runs/h3dpt-512-2n-r1_22178079/alltoall
512,22178083,project_462001245,32,256,standard-g,512,512,131072,512x512x512,512x512x512,257x2x131072,1x1x256,1x256x1,p2p_plined,0,1,1,ok,none,e9ebd95602cae04eb7c5e4345cc75f766b4c2698,0,17c7cfba804f9a13a89d2a431aebc82340cfa094887212dad66757131b1d1457,,cray-mpich/9.0.1 cpeGNU/25.09,0.40467033,0.08175983,HEAT3D_SPECTRAL_HIP_CHECKSUM sum_u=11.735057365395299 sumsq_u=2.4422677390066685 l2=1.5627756521672165,,/scratch/project_462001245/juaho/openpfc-scaling/heffte-protocol-tournament/runs/h3dpt-512-32n-r1_22178083/p2p_plined
512,22178083,project_462001245,32,256,standard-g,512,512,131072,512x512x512,512x512x512,257x2x131072,1x1x256,1x256x1,p2p,0,1,1,ok,none,e9ebd95602cae04eb7c5e4345cc75f766b4c2698,0,17c7cfba804f9a13a89d2a431aebc82340cfa094887212dad66757131b1d1457,,cray-mpich/9.0.1 cpeGNU/25.09,1.20552804,0.05819230,HEAT3D_SPECTRAL_HIP_CHECKSUM sum_u=11.735057365395299 sumsq_u=2.4422677390066685 l2=1.5627756521672165,,/scratch/project_462001245/juaho/openpfc-scaling/heffte-protocol-tournament/runs/h3dpt-512-32n-r1_22178083/p2p
512,22178083,project_462001245,32,256,standard-g,512,512,131072,512x512x512,512x512x512,257x2x131072,1x1x256,1x256x1,alltoallv,0,1,1,ok,none,e9ebd95602cae04eb7c5e4345cc75f766b4c2698,0,17c7cfba804f9a13a89d2a431aebc82340cfa094887212dad66757131b1d1457,,cray-mpich/9.0.1 cpeGNU/25.09,0.56542569,0.01481962,HEAT3D_SPECTRAL_HIP_CHECKSUM sum_u=11.735057365395299 sumsq_u=2.4422677390066685 l2=1.5627756521672165,,/scratch/project_462001245/juaho/openpfc-scaling/heffte-protocol-tournament/runs/h3dpt-512-32n-r1_22178083/alltoallv
512,22178083,project_462001245,32,256,standard-g,512,512,131072,512x512x512,512x512x512,257x2x131072,1x1x256,1x256x1,alltoall,0,1,1,ok,none,e9ebd95602cae04eb7c5e4345cc75f766b4c2698,0,17c7cfba804f9a13a89d2a431aebc82340cfa094887212dad66757131b1d1457,,cray-mpich/9.0.1 cpeGNU/25.09,0.54128002,0.05497441,HEAT3D_SPECTRAL_HIP_CHECKSUM sum_u=11.735057365395299 sumsq_u=2.4422677390066685 l2=1.5627756521672165,,/scratch/project_462001245/juaho/openpfc-scaling/heffte-protocol-tournament/runs/h3dpt-512-32n-r1_22178083/alltoall
512,22178084,project_462001245,32,256,standard-g,512,512,131072,512x512x512,512x512x512,257x2x131072,1x1x256,1x256x1,p2p_plined,0,1,1,ok,none,e9ebd95602cae04eb7c5e4345cc75f766b4c2698,0,17c7cfba804f9a13a89d2a431aebc82340cfa094887212dad66757131b1d1457,,cray-mpich/9.0.1 cpeGNU/25.09,0.41745491,0.04858528,HEAT3D_SPECTRAL_HIP_CHECKSUM sum_u=11.735057365395299 sumsq_u=2.4422677390066685 l2=1.5627756521672165,,/scratch/project_462001245/juaho/openpfc-scaling/heffte-protocol-tournament/runs/h3dpt-512-32n-r2_22178084/p2p_plined
512,22178084,project_462001245,32,256,standard-g,512,512,131072,512x512x512,512x512x512,257x2x131072,1x1x256,1x256x1,p2p,0,1,1,ok,none,e9ebd95602cae04eb7c5e4345cc75f766b4c2698,0,17c7cfba804f9a13a89d2a431aebc82340cfa094887212dad66757131b1d1457,,cray-mpich/9.0.1 cpeGNU/25.09,1.21705326,0.09584031,HEAT3D_SPECTRAL_HIP_CHECKSUM sum_u=11.735057365395299 sumsq_u=2.4422677390066685 l2=1.5627756521672165,,/scratch/project_462001245/juaho/openpfc-scaling/heffte-protocol-tournament/runs/h3dpt-512-32n-r2_22178084/p2p
512,22178084,project_462001245,32,256,standard-g,512,512,131072,512x512x512,512x512x512,257x2x131072,1x1x256,1x256x1,alltoallv,0,1,1,ok,none,e9ebd95602cae04eb7c5e4345cc75f766b4c2698,0,17c7cfba804f9a13a89d2a431aebc82340cfa094887212dad66757131b1d1457,,cray-mpich/9.0.1 cpeGNU/25.09,0.56626257,0.01637767,HEAT3D_SPECTRAL_HIP_CHECKSUM sum_u=11.735057365395299 sumsq_u=2.4422677390066685 l2=1.5627756521672165,,/scratch/project_462001245/juaho/openpfc-scaling/heffte-protocol-tournament/runs/h3dpt-512-32n-r2_22178084/alltoallv
512,22178084,project_462001245,32,256,standard-g,512,512,131072,512x512x512,512x512x512,257x2x131072,1x1x256,1x256x1,alltoall,0,1,1,ok,none,e9ebd95602cae04eb7c5e4345cc75f766b4c2698,0,17c7cfba804f9a13a89d2a431aebc82340cfa094887212dad66757131b1d1457,,cray-mpich/9.0.1 cpeGNU/25.09,0.54348075,0.05095323,HEAT3D_SPECTRAL_HIP_CHECKSUM sum_u=11.735057365395299 sumsq_u=2.4422677390066685 l2=1.5627756521672165,,/scratch/project_462001245/juaho/openpfc-scaling/heffte-protocol-tournament/runs/h3dpt-512-32n-r2_22178084/alltoall
512,22178080,project_462001245,4,32,standard-g,512,512,16384,512x512x512,512x512x512,257x16x16384,1x1x32,1x32x1,p2p_plined,0,1,1,ok,none,e9ebd95602cae04eb7c5e4345cc75f766b4c2698,0,17c7cfba804f9a13a89d2a431aebc82340cfa094887212dad66757131b1d1457,,cray-mpich/9.0.1 cpeGNU/25.09,0.35560619,0.04133567,HEAT3D_SPECTRAL_HIP_CHECKSUM sum_u=11.735057365393319 sumsq_u=2.4422677389120748 l2=1.5627756521369518,,/scratch/project_462001245/juaho/openpfc-scaling/heffte-protocol-tournament/runs/h3dpt-512-4n-r1_22178080/p2p_plined
512,22178080,project_462001245,4,32,standard-g,512,512,16384,512x512x512,512x512x512,257x16x16384,1x1x32,1x32x1,p2p,0,1,1,ok,none,e9ebd95602cae04eb7c5e4345cc75f766b4c2698,0,17c7cfba804f9a13a89d2a431aebc82340cfa094887212dad66757131b1d1457,,cray-mpich/9.0.1 cpeGNU/25.09,0.37068013,0.04628243,HEAT3D_SPECTRAL_HIP_CHECKSUM sum_u=11.735057365393319 sumsq_u=2.4422677389120748 l2=1.5627756521369518,,/scratch/project_462001245/juaho/openpfc-scaling/heffte-protocol-tournament/runs/h3dpt-512-4n-r1_22178080/p2p
512,22178080,project_462001245,4,32,standard-g,512,512,16384,512x512x512,512x512x512,257x16x16384,1x1x32,1x32x1,alltoallv,0,1,1,ok,none,e9ebd95602cae04eb7c5e4345cc75f766b4c2698,0,17c7cfba804f9a13a89d2a431aebc82340cfa094887212dad66757131b1d1457,,cray-mpich/9.0.1 cpeGNU/25.09,0.32731066,0.01882733,HEAT3D_SPECTRAL_HIP_CHECKSUM sum_u=11.735057365393319 sumsq_u=2.4422677389120748 l2=1.5627756521369518,,/scratch/project_462001245/juaho/openpfc-scaling/heffte-protocol-tournament/runs/h3dpt-512-4n-r1_22178080/alltoallv
512,22178080,project_462001245,4,32,standard-g,512,512,16384,512x512x512,512x512x512,257x16x16384,1x1x32,1x32x1,alltoall,0,1,1,ok,none,e9ebd95602cae04eb7c5e4345cc75f766b4c2698,0,17c7cfba804f9a13a89d2a431aebc82340cfa094887212dad66757131b1d1457,,cray-mpich/9.0.1 cpeGNU/25.09,0.33010698,0.00425571,HEAT3D_SPECTRAL_HIP_CHECKSUM sum_u=11.735057365393319 sumsq_u=2.4422677389120748 l2=1.5627756521369518,,/scratch/project_462001245/juaho/openpfc-scaling/heffte-protocol-tournament/runs/h3dpt-512-4n-r1_22178080/alltoall
512,22178085,project_462001245,64,512,standard-g,512,512,262144,512x512x512,512x512x512,257x1x262144,1x1x512,1x512x1,p2p_plined,0,1,1,ok,none,e9ebd95602cae04eb7c5e4345cc75f766b4c2698,0,17c7cfba804f9a13a89d2a431aebc82340cfa094887212dad66757131b1d1457,,cray-mpich/9.0.1 cpeGNU/25.09,0.52960555,0.04077714,HEAT3D_SPECTRAL_HIP_CHECKSUM sum_u=11.735057365395717 sumsq_u=2.442267739007796 l2=1.5627756521675771,,/scratch/project_462001245/juaho/openpfc-scaling/heffte-protocol-tournament/runs/h3dpt-512-64n-r1_22178085/p2p_plined
512,22178085,project_462001245,64,512,standard-g,512,512,262144,512x512x512,512x512x512,257x1x262144,1x1x512,1x512x1,p2p,0,1,1,ok,none,e9ebd95602cae04eb7c5e4345cc75f766b4c2698,0,17c7cfba804f9a13a89d2a431aebc82340cfa094887212dad66757131b1d1457,,cray-mpich/9.0.1 cpeGNU/25.09,1.74758953,0.04522578,HEAT3D_SPECTRAL_HIP_CHECKSUM sum_u=11.735057365395717 sumsq_u=2.442267739007796 l2=1.5627756521675771,,/scratch/project_462001245/juaho/openpfc-scaling/heffte-protocol-tournament/runs/h3dpt-512-64n-r1_22178085/p2p
512,22178085,project_462001245,64,512,standard-g,512,512,262144,512x512x512,512x512x512,257x1x262144,1x1x512,1x512x1,alltoallv,0,1,1,ok,none,e9ebd95602cae04eb7c5e4345cc75f766b4c2698,0,17c7cfba804f9a13a89d2a431aebc82340cfa094887212dad66757131b1d1457,,cray-mpich/9.0.1 cpeGNU/25.09,0.74812294,0.22639935,HEAT3D_SPECTRAL_HIP_CHECKSUM sum_u=11.735057365395717 sumsq_u=2.442267739007796 l2=1.5627756521675771,,/scratch/project_462001245/juaho/openpfc-scaling/heffte-protocol-tournament/runs/h3dpt-512-64n-r1_22178085/alltoallv
512,22178085,project_462001245,64,512,standard-g,512,512,262144,512x512x512,512x512x512,257x1x262144,1x1x512,1x512x1,alltoall,0,1,1,ok,none,e9ebd95602cae04eb7c5e4345cc75f766b4c2698,0,17c7cfba804f9a13a89d2a431aebc82340cfa094887212dad66757131b1d1457,,cray-mpich/9.0.1 cpeGNU/25.09,0.72017054,0.30705354,HEAT3D_SPECTRAL_HIP_CHECKSUM sum_u=11.735057365395717 sumsq_u=2.442267739007796 l2=1.5627756521675771,,/scratch/project_462001245/juaho/openpfc-scaling/heffte-protocol-tournament/runs/h3dpt-512-64n-r1_22178085/alltoall
512,22178086,project_462001245,64,512,standard-g,512,512,262144,512x512x512,512x512x512,257x1x262144,1x1x512,1x512x1,p2p_plined,0,1,1,ok,none,e9ebd95602cae04eb7c5e4345cc75f766b4c2698,0,17c7cfba804f9a13a89d2a431aebc82340cfa094887212dad66757131b1d1457,,cray-mpich/9.0.1 cpeGNU/25.09,0.54056078,0.04133593,HEAT3D_SPECTRAL_HIP_CHECKSUM sum_u=11.735057365395717 sumsq_u=2.442267739007796 l2=1.5627756521675771,,/scratch/project_462001245/juaho/openpfc-scaling/heffte-protocol-tournament/runs/h3dpt-512-64n-r2_22178086/p2p_plined
512,22178086,project_462001245,64,512,standard-g,512,512,262144,512x512x512,512x512x512,257x1x262144,1x1x512,1x512x1,p2p,0,1,1,ok,none,e9ebd95602cae04eb7c5e4345cc75f766b4c2698,0,17c7cfba804f9a13a89d2a431aebc82340cfa094887212dad66757131b1d1457,,cray-mpich/9.0.1 cpeGNU/25.09,1.72503299,0.08278493,HEAT3D_SPECTRAL_HIP_CHECKSUM sum_u=11.735057365395717 sumsq_u=2.442267739007796 l2=1.5627756521675771,,/scratch/project_462001245/juaho/openpfc-scaling/heffte-protocol-tournament/runs/h3dpt-512-64n-r2_22178086/p2p
512,22178086,project_462001245,64,512,standard-g,512,512,262144,512x512x512,512x512x512,257x1x262144,1x1x512,1x512x1,alltoallv,0,1,1,ok,none,e9ebd95602cae04eb7c5e4345cc75f766b4c2698,0,17c7cfba804f9a13a89d2a431aebc82340cfa094887212dad66757131b1d1457,,cray-mpich/9.0.1 cpeGNU/25.09,0.73892249,0.21016017,HEAT3D_SPECTRAL_HIP_CHECKSUM sum_u=11.735057365395717 sumsq_u=2.442267739007796 l2=1.5627756521675771,,/scratch/project_462001245/juaho/openpfc-scaling/heffte-protocol-tournament/runs/h3dpt-512-64n-r2_22178086/alltoallv
512,22178086,project_462001245,64,512,standard-g,512,512,262144,512x512x512,512x512x512,257x1x262144,1x1x512,1x512x1,alltoall,0,1,1,ok,none,e9ebd95602cae04eb7c5e4345cc75f766b4c2698,0,17c7cfba804f9a13a89d2a431aebc82340cfa094887212dad66757131b1d1457,,cray-mpich/9.0.1 cpeGNU/25.09,0.72994205,0.30680076,HEAT3D_SPECTRAL_HIP_CHECKSUM sum_u=11.735057365395717 sumsq_u=2.442267739007796 l2=1.5627756521675771,,/scratch/project_462001245/juaho/openpfc-scaling/heffte-protocol-tournament/runs/h3dpt-512-64n-r2_22178086/alltoall
512,22178081,project_462001245,8,64,standard-g,512,512,32768,512x512x512,512x512x512,257x8x32768,1x1x64,1x64x1,p2p_plined,0,1,1,ok,none,e9ebd95602cae04eb7c5e4345cc75f766b4c2698,0,17c7cfba804f9a13a89d2a431aebc82340cfa094887212dad66757131b1d1457,,cray-mpich/9.0.1 cpeGNU/25.09,0.44528926,0.04503944,HEAT3D_SPECTRAL_HIP_CHECKSUM sum_u=11.735057365394482 sumsq_u=2.4422677389841621 l2=1.5627756521600156,,/scratch/project_462001245/juaho/openpfc-scaling/heffte-protocol-tournament/runs/h3dpt-512-8n-r1_22178081/p2p_plined
512,22178081,project_462001245,8,64,standard-g,512,512,32768,512x512x512,512x512x512,257x8x32768,1x1x64,1x64x1,p2p,0,1,1,ok,none,e9ebd95602cae04eb7c5e4345cc75f766b4c2698,0,17c7cfba804f9a13a89d2a431aebc82340cfa094887212dad66757131b1d1457,,cray-mpich/9.0.1 cpeGNU/25.09,0.56127553,0.08738058,HEAT3D_SPECTRAL_HIP_CHECKSUM sum_u=11.735057365394482 sumsq_u=2.4422677389841621 l2=1.5627756521600156,,/scratch/project_462001245/juaho/openpfc-scaling/heffte-protocol-tournament/runs/h3dpt-512-8n-r1_22178081/p2p
512,22178081,project_462001245,8,64,standard-g,512,512,32768,512x512x512,512x512x512,257x8x32768,1x1x64,1x64x1,alltoallv,0,1,1,ok,none,e9ebd95602cae04eb7c5e4345cc75f766b4c2698,0,17c7cfba804f9a13a89d2a431aebc82340cfa094887212dad66757131b1d1457,,cray-mpich/9.0.1 cpeGNU/25.09,0.41150078,0.00690230,HEAT3D_SPECTRAL_HIP_CHECKSUM sum_u=11.735057365394482 sumsq_u=2.4422677389841621 l2=1.5627756521600156,,/scratch/project_462001245/juaho/openpfc-scaling/heffte-protocol-tournament/runs/h3dpt-512-8n-r1_22178081/alltoallv
512,22178081,project_462001245,8,64,standard-g,512,512,32768,512x512x512,512x512x512,257x8x32768,1x1x64,1x64x1,alltoall,0,1,1,ok,none,e9ebd95602cae04eb7c5e4345cc75f766b4c2698,0,17c7cfba804f9a13a89d2a431aebc82340cfa094887212dad66757131b1d1457,,cray-mpich/9.0.1 cpeGNU/25.09,0.39059249,0.00491627,HEAT3D_SPECTRAL_HIP_CHECKSUM sum_u=11.735057365394482 sumsq_u=2.4422677389841621 l2=1.5627756521600156,,/scratch/project_462001245/juaho/openpfc-scaling/heffte-protocol-tournament/runs/h3dpt-512-8n-r1_22178081/alltoall
768,22175536,project_462001245,128,1024,standard-g,768,768,786432,768x768x768,768x768x768,97x3x786432,1x1x1024,4x256x1,p2p_plined,0,1,1,ok,none,07d8659e94c318c4934545d3637a2b1e6282029e,0,17c7cfba804f9a13a89d2a431aebc82340cfa094887212dad66757131b1d1457,,cray-mpich/9.0.1 cpeGNU/25.09,1.67095084,0.19894008,HEAT3D_SPECTRAL_HIP_CHECKSUM sum_u=11.735057365394956 sumsq_u=2.4422678483803151 l2=1.5627756871606096,,/scratch/project_462001245/juaho/openpfc-scaling/heffte-protocol-tournament/runs/h3dpt-768-128n-r1_22175536/p2p_plined
768,22175536,project_462001245,128,1024,standard-g,768,768,786432,768x768x768,768x768x768,97x3x786432,1x1x1024,4x256x1,p2p,0,1,1,ok,none,07d8659e94c318c4934545d3637a2b1e6282029e,0,17c7cfba804f9a13a89d2a431aebc82340cfa094887212dad66757131b1d1457,,cray-mpich/9.0.1 cpeGNU/25.09,4.37211409,0.09625843,HEAT3D_SPECTRAL_HIP_CHECKSUM sum_u=11.735057365394956 sumsq_u=2.4422678483803151 l2=1.5627756871606096,,/scratch/project_462001245/juaho/openpfc-scaling/heffte-protocol-tournament/runs/h3dpt-768-128n-r1_22175536/p2p
768,22175536,project_462001245,128,1024,standard-g,768,768,786432,768x768x768,768x768x768,97x3x786432,1x1x1024,4x256x1,alltoallv,0,1,1,ok,none,07d8659e94c318c4934545d3637a2b1e6282029e,0,17c7cfba804f9a13a89d2a431aebc82340cfa094887212dad66757131b1d1457,,cray-mpich/9.0.1 cpeGNU/25.09,1.99627935,0.27964593,HEAT3D_SPECTRAL_HIP_CHECKSUM sum_u=11.735057365394956 sumsq_u=2.4422678483803151 l2=1.5627756871606096,,/scratch/project_462001245/juaho/openpfc-scaling/heffte-protocol-tournament/runs/h3dpt-768-128n-r1_22175536/alltoallv
768,22175536,project_462001245,128,1024,standard-g,768,768,786432,768x768x768,768x768x768,97x3x786432,1x1x1024,4x256x1,alltoall,0,1,1,ok,none,07d8659e94c318c4934545d3637a2b1e6282029e,0,17c7cfba804f9a13a89d2a431aebc82340cfa094887212dad66757131b1d1457,,cray-mpich/9.0.1 cpeGNU/25.09,1.97168505,0.29584858,HEAT3D_SPECTRAL_HIP_CHECKSUM sum_u=11.735057365394956 sumsq_u=2.4422678483803151 l2=1.5627756871606096,,/scratch/project_462001245/juaho/openpfc-scaling/heffte-protocol-tournament/runs/h3dpt-768-128n-r1_22175536/alltoall
768,22175537,project_462001245,128,1024,standard-g,768,768,786432,768x768x768,768x768x768,97x3x786432,1x1x1024,4x256x1,p2p_plined,0,1,1,ok,none,07d8659e94c318c4934545d3637a2b1e6282029e,0,17c7cfba804f9a13a89d2a431aebc82340cfa094887212dad66757131b1d1457,,cray-mpich/9.0.1 cpeGNU/25.09,1.65426064,0.15532259,HEAT3D_SPECTRAL_HIP_CHECKSUM sum_u=11.735057365394956 sumsq_u=2.4422678483803151 l2=1.5627756871606096,,/scratch/project_462001245/juaho/openpfc-scaling/heffte-protocol-tournament/runs/h3dpt-768-128n-r2_22175537/p2p_plined
768,22175537,project_462001245,128,1024,standard-g,768,768,786432,768x768x768,768x768x768,97x3x786432,1x1x1024,4x256x1,p2p,0,1,1,ok,none,07d8659e94c318c4934545d3637a2b1e6282029e,0,17c7cfba804f9a13a89d2a431aebc82340cfa094887212dad66757131b1d1457,,cray-mpich/9.0.1 cpeGNU/25.09,4.34671292,0.34553561,HEAT3D_SPECTRAL_HIP_CHECKSUM sum_u=11.735057365394956 sumsq_u=2.4422678483803151 l2=1.5627756871606096,,/scratch/project_462001245/juaho/openpfc-scaling/heffte-protocol-tournament/runs/h3dpt-768-128n-r2_22175537/p2p
768,22175537,project_462001245,128,1024,standard-g,768,768,786432,768x768x768,768x768x768,97x3x786432,1x1x1024,4x256x1,alltoallv,0,1,1,ok,none,07d8659e94c318c4934545d3637a2b1e6282029e,0,17c7cfba804f9a13a89d2a431aebc82340cfa094887212dad66757131b1d1457,,cray-mpich/9.0.1 cpeGNU/25.09,2.00183198,0.25519469,HEAT3D_SPECTRAL_HIP_CHECKSUM sum_u=11.735057365394956 sumsq_u=2.4422678483803151 l2=1.5627756871606096,,/scratch/project_462001245/juaho/openpfc-scaling/heffte-protocol-tournament/runs/h3dpt-768-128n-r2_22175537/alltoallv
768,22175537,project_462001245,128,1024,standard-g,768,768,786432,768x768x768,768x768x768,97x3x786432,1x1x1024,4x256x1,alltoall,0,1,1,ok,none,07d8659e94c318c4934545d3637a2b1e6282029e,0,17c7cfba804f9a13a89d2a431aebc82340cfa094887212dad66757131b1d1457,,cray-mpich/9.0.1 cpeGNU/25.09,1.97649969,0.28502718,HEAT3D_SPECTRAL_HIP_CHECKSUM sum_u=11.735057365394956 sumsq_u=2.4422678483803151 l2=1.5627756871606096,,/scratch/project_462001245/juaho/openpfc-scaling/heffte-protocol-tournament/runs/h3dpt-768-128n-r2_22175537/alltoall
768,22175530,project_462001245,16,128,standard-g,768,768,98304,768x768x768,768x768x768,385x6x98304,1x1x128,1x128x1,p2p_plined,0,1,1,ok,none,07d8659e94c318c4934545d3637a2b1e6282029e,0,17c7cfba804f9a13a89d2a431aebc82340cfa094887212dad66757131b1d1457,,cray-mpich/9.0.1 cpeGNU/25.09,1.56673295,0.14999457,HEAT3D_SPECTRAL_HIP_CHECKSUM sum_u=11.735057365395173 sumsq_u=2.4422678483776936 l2=1.5627756871597707,,/scratch/project_462001245/juaho/openpfc-scaling/heffte-protocol-tournament/runs/h3dpt-768-16n-r1_22175530/p2p_plined
768,22175530,project_462001245,16,128,standard-g,768,768,98304,768x768x768,768x768x768,385x6x98304,1x1x128,1x128x1,p2p,0,1,1,ok,none,07d8659e94c318c4934545d3637a2b1e6282029e,0,17c7cfba804f9a13a89d2a431aebc82340cfa094887212dad66757131b1d1457,,cray-mpich/9.0.1 cpeGNU/25.09,1.85031939,0.22080007,HEAT3D_SPECTRAL_HIP_CHECKSUM sum_u=11.735057365395173 sumsq_u=2.4422678483776936 l2=1.5627756871597707,,/scratch/project_462001245/juaho/openpfc-scaling/heffte-protocol-tournament/runs/h3dpt-768-16n-r1_22175530/p2p
768,22175530,project_462001245,16,128,standard-g,768,768,98304,768x768x768,768x768x768,385x6x98304,1x1x128,1x128x1,alltoallv,0,1,1,ok,none,07d8659e94c318c4934545d3637a2b1e6282029e,0,17c7cfba804f9a13a89d2a431aebc82340cfa094887212dad66757131b1d1457,,cray-mpich/9.0.1 cpeGNU/25.09,1.35895574,0.03308131,HEAT3D_SPECTRAL_HIP_CHECKSUM sum_u=11.735057365395173 sumsq_u=2.4422678483776936 l2=1.5627756871597707,,/scratch/project_462001245/juaho/openpfc-scaling/heffte-protocol-tournament/runs/h3dpt-768-16n-r1_22175530/alltoallv
768,22175530,project_462001245,16,128,standard-g,768,768,98304,768x768x768,768x768x768,385x6x98304,1x1x128,1x128x1,alltoall,0,1,1,ok,none,07d8659e94c318c4934545d3637a2b1e6282029e,0,17c7cfba804f9a13a89d2a431aebc82340cfa094887212dad66757131b1d1457,,cray-mpich/9.0.1 cpeGNU/25.09,1.30065966,0.01289812,HEAT3D_SPECTRAL_HIP_CHECKSUM sum_u=11.735057365395173 sumsq_u=2.4422678483776936 l2=1.5627756871597707,,/scratch/project_462001245/juaho/openpfc-scaling/heffte-protocol-tournament/runs/h3dpt-768-16n-r1_22175530/alltoall
768,22179788,project_462001245,1,1,small-g,768,768,768,768x768x768,768x768x768,385x768x768,1x1x1,1x1x1,p2p_plined,0,1,1,ok,none,e9ebd95602cae04eb7c5e4345cc75f766b4c2698,0,17c7cfba804f9a13a89d2a431aebc82340cfa094887212dad66757131b1d1457,,cray-mpich/9.0.1 cpeGNU/25.09,0.41493275,0.00924336,HEAT3D_SPECTRAL_HIP_CHECKSUM sum_u=11.735057365397266 sumsq_u=2.4422678046299668 l2=1.5627756731629676,,/scratch/project_462001245/juaho/openpfc-scaling/heffte-protocol-tournament/runs/h3dpt-768-1gcd-r1_22179788/p2p_plined
768,22179788,project_462001245,1,1,small-g,768,768,768,768x768x768,768x768x768,385x768x768,1x1x1,1x1x1,p2p,0,1,1,ok,none,e9ebd95602cae04eb7c5e4345cc75f766b4c2698,0,17c7cfba804f9a13a89d2a431aebc82340cfa094887212dad66757131b1d1457,,cray-mpich/9.0.1 cpeGNU/25.09,0.41494381,0.00839225,HEAT3D_SPECTRAL_HIP_CHECKSUM sum_u=11.735057365397266 sumsq_u=2.4422678046299668 l2=1.5627756731629676,,/scratch/project_462001245/juaho/openpfc-scaling/heffte-protocol-tournament/runs/h3dpt-768-1gcd-r1_22179788/p2p
768,22179788,project_462001245,1,1,small-g,768,768,768,768x768x768,768x768x768,385x768x768,1x1x1,1x1x1,alltoallv,0,1,1,ok,none,e9ebd95602cae04eb7c5e4345cc75f766b4c2698,0,17c7cfba804f9a13a89d2a431aebc82340cfa094887212dad66757131b1d1457,,cray-mpich/9.0.1 cpeGNU/25.09,0.41514158,0.00857645,HEAT3D_SPECTRAL_HIP_CHECKSUM sum_u=11.735057365397266 sumsq_u=2.4422678046299668 l2=1.5627756731629676,,/scratch/project_462001245/juaho/openpfc-scaling/heffte-protocol-tournament/runs/h3dpt-768-1gcd-r1_22179788/alltoallv
768,22179788,project_462001245,1,1,small-g,768,768,768,768x768x768,768x768x768,385x768x768,1x1x1,1x1x1,alltoall,0,1,1,ok,none,e9ebd95602cae04eb7c5e4345cc75f766b4c2698,0,17c7cfba804f9a13a89d2a431aebc82340cfa094887212dad66757131b1d1457,,cray-mpich/9.0.1 cpeGNU/25.09,0.42305108,0.01022462,HEAT3D_SPECTRAL_HIP_CHECKSUM sum_u=11.735057365397266 sumsq_u=2.4422678046299668 l2=1.5627756731629676,,/scratch/project_462001245/juaho/openpfc-scaling/heffte-protocol-tournament/runs/h3dpt-768-1gcd-r1_22179788/alltoall
768,22175526,project_462001245,1,8,standard-g,768,768,6144,768x768x768,768x768x768,385x96x6144,1x1x8,1x8x1,p2p_plined,0,1,1,ok,none,07d8659e94c318c4934545d3637a2b1e6282029e,0,17c7cfba804f9a13a89d2a431aebc82340cfa094887212dad66757131b1d1457,,cray-mpich/9.0.1 cpeGNU/25.09,0.50969505,0.05198485,HEAT3D_SPECTRAL_HIP_CHECKSUM sum_u=11.735057365395873 sumsq_u=2.4422678476967663 l2=1.5627756869419125,,/scratch/project_462001245/juaho/openpfc-scaling/heffte-protocol-tournament/runs/h3dpt-768-1n-r1_22175526/p2p_plined
768,22175526,project_462001245,1,8,standard-g,768,768,6144,768x768x768,768x768x768,385x96x6144,1x1x8,1x8x1,p2p,0,1,1,ok,none,07d8659e94c318c4934545d3637a2b1e6282029e,0,17c7cfba804f9a13a89d2a431aebc82340cfa094887212dad66757131b1d1457,,cray-mpich/9.0.1 cpeGNU/25.09,0.67989590,0.05920951,HEAT3D_SPECTRAL_HIP_CHECKSUM sum_u=11.735057365395873 sumsq_u=2.4422678476967663 l2=1.5627756869419125,,/scratch/project_462001245/juaho/openpfc-scaling/heffte-protocol-tournament/runs/h3dpt-768-1n-r1_22175526/p2p
768,22175526,project_462001245,1,8,standard-g,768,768,6144,768x768x768,768x768x768,385x96x6144,1x1x8,1x8x1,alltoallv,0,1,1,ok,none,07d8659e94c318c4934545d3637a2b1e6282029e,0,17c7cfba804f9a13a89d2a431aebc82340cfa094887212dad66757131b1d1457,,cray-mpich/9.0.1 cpeGNU/25.09,0.80200439,0.01475320,HEAT3D_SPECTRAL_HIP_CHECKSUM sum_u=11.735057365395873 sumsq_u=2.4422678476967663 l2=1.5627756869419125,,/scratch/project_462001245/juaho/openpfc-scaling/heffte-protocol-tournament/runs/h3dpt-768-1n-r1_22175526/alltoallv
768,22175526,project_462001245,1,8,standard-g,768,768,6144,768x768x768,768x768x768,385x96x6144,1x1x8,1x8x1,alltoall,0,1,1,ok,none,07d8659e94c318c4934545d3637a2b1e6282029e,0,17c7cfba804f9a13a89d2a431aebc82340cfa094887212dad66757131b1d1457,,cray-mpich/9.0.1 cpeGNU/25.09,0.61205368,0.00371690,HEAT3D_SPECTRAL_HIP_CHECKSUM sum_u=11.735057365395873 sumsq_u=2.4422678476967663 l2=1.5627756869419125,,/scratch/project_462001245/juaho/openpfc-scaling/heffte-protocol-tournament/runs/h3dpt-768-1n-r1_22175526/alltoall
768,22175538,project_462001245,256,2048,standard-g,768,768,1572864,768x768x768,768x768x768,49x3x1572864,1x1x2048,8x256x1,p2p_plined,0,1,1,ok,none,07d8659e94c318c4934545d3637a2b1e6282029e,0,17c7cfba804f9a13a89d2a431aebc82340cfa094887212dad66757131b1d1457,,cray-mpich/9.0.1 cpeGNU/25.09,1.98953551,0.26398211,HEAT3D_SPECTRAL_HIP_CHECKSUM sum_u=11.735057365394734 sumsq_u=2.4422678483803493 l2=1.5627756871606204,,/scratch/project_462001245/juaho/openpfc-scaling/heffte-protocol-tournament/runs/h3dpt-768-256n-r1_22175538/p2p_plined
768,22175538,project_462001245,256,2048,standard-g,768,768,1572864,768x768x768,768x768x768,49x3x1572864,1x1x2048,8x256x1,p2p,0,1,1,ok,none,07d8659e94c318c4934545d3637a2b1e6282029e,0,17c7cfba804f9a13a89d2a431aebc82340cfa094887212dad66757131b1d1457,,cray-mpich/9.0.1 cpeGNU/25.09,5.02592392,0.56235645,HEAT3D_SPECTRAL_HIP_CHECKSUM sum_u=11.735057365394734 sumsq_u=2.4422678483803493 l2=1.5627756871606204,,/scratch/project_462001245/juaho/openpfc-scaling/heffte-protocol-tournament/runs/h3dpt-768-256n-r1_22175538/p2p
768,22175538,project_462001245,256,2048,standard-g,768,768,1572864,768x768x768,768x768x768,49x3x1572864,1x1x2048,8x256x1,alltoallv,0,1,1,ok,none,07d8659e94c318c4934545d3637a2b1e6282029e,0,17c7cfba804f9a13a89d2a431aebc82340cfa094887212dad66757131b1d1457,,cray-mpich/9.0.1 cpeGNU/25.09,2.07671654,0.53464159,HEAT3D_SPECTRAL_HIP_CHECKSUM sum_u=11.735057365394734 sumsq_u=2.4422678483803493 l2=1.5627756871606204,,/scratch/project_462001245/juaho/openpfc-scaling/heffte-protocol-tournament/runs/h3dpt-768-256n-r1_22175538/alltoallv
768,22175538,project_462001245,256,2048,standard-g,768,768,1572864,768x768x768,768x768x768,49x3x1572864,1x1x2048,8x256x1,alltoall,0,1,1,ok,none,07d8659e94c318c4934545d3637a2b1e6282029e,0,17c7cfba804f9a13a89d2a431aebc82340cfa094887212dad66757131b1d1457,,cray-mpich/9.0.1 cpeGNU/25.09,2.06240802,0.48028892,HEAT3D_SPECTRAL_HIP_CHECKSUM sum_u=11.735057365394734 sumsq_u=2.4422678483803493 l2=1.5627756871606204,,/scratch/project_462001245/juaho/openpfc-scaling/heffte-protocol-tournament/runs/h3dpt-768-256n-r1_22175538/alltoall
768,22175539,project_462001245,256,2048,standard-g,768,768,1572864,768x768x768,768x768x768,49x3x1572864,1x1x2048,8x256x1,p2p_plined,0,1,1,ok,none,07d8659e94c318c4934545d3637a2b1e6282029e,0,17c7cfba804f9a13a89d2a431aebc82340cfa094887212dad66757131b1d1457,,cray-mpich/9.0.1 cpeGNU/25.09,2.00551574,0.14339106,HEAT3D_SPECTRAL_HIP_CHECKSUM sum_u=11.735057365394734 sumsq_u=2.4422678483803493 l2=1.5627756871606204,,/scratch/project_462001245/juaho/openpfc-scaling/heffte-protocol-tournament/runs/h3dpt-768-256n-r2_22175539/p2p_plined
768,22175539,project_462001245,256,2048,standard-g,768,768,1572864,768x768x768,768x768x768,49x3x1572864,1x1x2048,8x256x1,p2p,0,1,1,ok,none,07d8659e94c318c4934545d3637a2b1e6282029e,0,17c7cfba804f9a13a89d2a431aebc82340cfa094887212dad66757131b1d1457,,cray-mpich/9.0.1 cpeGNU/25.09,5.14167832,0.44673352,HEAT3D_SPECTRAL_HIP_CHECKSUM sum_u=11.735057365394734 sumsq_u=2.4422678483803493 l2=1.5627756871606204,,/scratch/project_462001245/juaho/openpfc-scaling/heffte-protocol-tournament/runs/h3dpt-768-256n-r2_22175539/p2p
768,22175539,project_462001245,256,2048,standard-g,768,768,1572864,768x768x768,768x768x768,49x3x1572864,1x1x2048,8x256x1,alltoallv,0,1,1,ok,none,07d8659e94c318c4934545d3637a2b1e6282029e,0,17c7cfba804f9a13a89d2a431aebc82340cfa094887212dad66757131b1d1457,,cray-mpich/9.0.1 cpeGNU/25.09,2.07989466,0.52388772,HEAT3D_SPECTRAL_HIP_CHECKSUM sum_u=11.735057365394734 sumsq_u=2.4422678483803493 l2=1.5627756871606204,,/scratch/project_462001245/juaho/openpfc-scaling/heffte-protocol-tournament/runs/h3dpt-768-256n-r2_22175539/alltoallv
768,22175539,project_462001245,256,2048,standard-g,768,768,1572864,768x768x768,768x768x768,49x3x1572864,1x1x2048,8x256x1,alltoall,0,1,1,ok,none,07d8659e94c318c4934545d3637a2b1e6282029e,0,17c7cfba804f9a13a89d2a431aebc82340cfa094887212dad66757131b1d1457,,cray-mpich/9.0.1 cpeGNU/25.09,2.06523441,0.51552456,HEAT3D_SPECTRAL_HIP_CHECKSUM sum_u=11.735057365394734 sumsq_u=2.4422678483803493 l2=1.5627756871606204,,/scratch/project_462001245/juaho/openpfc-scaling/heffte-protocol-tournament/runs/h3dpt-768-256n-r2_22175539/alltoall
768,22175527,project_462001245,2,16,standard-g,768,768,12288,768x768x768,768x768x768,385x48x12288,1x1x16,1x16x1,p2p_plined,0,1,1,ok,none,07d8659e94c318c4934545d3637a2b1e6282029e,0,17c7cfba804f9a13a89d2a431aebc82340cfa094887212dad66757131b1d1457,,cray-mpich/9.0.1 cpeGNU/25.09,0.88324244,0.06294105,HEAT3D_SPECTRAL_HIP_CHECKSUM sum_u=11.735057365398907 sumsq_u=2.4422678482094842 l2=1.5627756871059533,,/scratch/project_462001245/juaho/openpfc-scaling/heffte-protocol-tournament/runs/h3dpt-768-2n-r1_22175527/p2p_plined
768,22175527,project_462001245,2,16,standard-g,768,768,12288,768x768x768,768x768x768,385x48x12288,1x1x16,1x16x1,p2p,0,1,1,ok,none,07d8659e94c318c4934545d3637a2b1e6282029e,0,17c7cfba804f9a13a89d2a431aebc82340cfa094887212dad66757131b1d1457,,cray-mpich/9.0.1 cpeGNU/25.09,1.13223899,0.09778966,HEAT3D_SPECTRAL_HIP_CHECKSUM sum_u=11.735057365398907 sumsq_u=2.4422678482094842 l2=1.5627756871059533,,/scratch/project_462001245/juaho/openpfc-scaling/heffte-protocol-tournament/runs/h3dpt-768-2n-r1_22175527/p2p
768,22175527,project_462001245,2,16,standard-g,768,768,12288,768x768x768,768x768x768,385x48x12288,1x1x16,1x16x1,alltoallv,0,1,1,ok,none,07d8659e94c318c4934545d3637a2b1e6282029e,0,17c7cfba804f9a13a89d2a431aebc82340cfa094887212dad66757131b1d1457,,cray-mpich/9.0.1 cpeGNU/25.09,0.88626855,0.03634666,HEAT3D_SPECTRAL_HIP_CHECKSUM sum_u=11.735057365398907 sumsq_u=2.4422678482094842 l2=1.5627756871059533,,/scratch/project_462001245/juaho/openpfc-scaling/heffte-protocol-tournament/runs/h3dpt-768-2n-r1_22175527/alltoallv
768,22175527,project_462001245,2,16,standard-g,768,768,12288,768x768x768,768x768x768,385x48x12288,1x1x16,1x16x1,alltoall,0,1,1,ok,none,07d8659e94c318c4934545d3637a2b1e6282029e,0,17c7cfba804f9a13a89d2a431aebc82340cfa094887212dad66757131b1d1457,,cray-mpich/9.0.1 cpeGNU/25.09,0.95574468,0.01089924,HEAT3D_SPECTRAL_HIP_CHECKSUM sum_u=11.735057365398907 sumsq_u=2.4422678482094842 l2=1.5627756871059533,,/scratch/project_462001245/juaho/openpfc-scaling/heffte-protocol-tournament/runs/h3dpt-768-2n-r1_22175527/alltoall
768,22175531,project_462001245,32,256,standard-g,768,768,196608,768x768x768,768x768x768,385x3x196608,1x1x256,1x256x1,p2p_plined,0,1,1,ok,none,07d8659e94c318c4934545d3637a2b1e6282029e,0,17c7cfba804f9a13a89d2a431aebc82340cfa094887212dad66757131b1d1457,,cray-mpich/9.0.1 cpeGNU/25.09,1.59581470,0.09238902,HEAT3D_SPECTRAL_HIP_CHECKSUM sum_u=11.735057365394521 sumsq_u=2.4422678483796925 l2=1.5627756871604102,,/scratch/project_462001245/juaho/openpfc-scaling/heffte-protocol-tournament/runs/h3dpt-768-32n-r1_22175531/p2p_plined
768,22175531,project_462001245,32,256,standard-g,768,768,196608,768x768x768,768x768x768,385x3x196608,1x1x256,1x256x1,p2p,0,1,1,ok,none,07d8659e94c318c4934545d3637a2b1e6282029e,0,17c7cfba804f9a13a89d2a431aebc82340cfa094887212dad66757131b1d1457,,cray-mpich/9.0.1 cpeGNU/25.09,2.16163215,0.15886197,HEAT3D_SPECTRAL_HIP_CHECKSUM sum_u=11.735057365394521 sumsq_u=2.4422678483796925 l2=1.5627756871604102,,/scratch/project_462001245/juaho/openpfc-scaling/heffte-protocol-tournament/runs/h3dpt-768-32n-r1_22175531/p2p
768,22175531,project_462001245,32,256,standard-g,768,768,196608,768x768x768,768x768x768,385x3x196608,1x1x256,1x256x1,alltoallv,0,1,1,ok,none,07d8659e94c318c4934545d3637a2b1e6282029e,0,17c7cfba804f9a13a89d2a431aebc82340cfa094887212dad66757131b1d1457,,cray-mpich/9.0.1 cpeGNU/25.09,1.45557070,0.01020473,HEAT3D_SPECTRAL_HIP_CHECKSUM sum_u=11.735057365394521 sumsq_u=2.4422678483796925 l2=1.5627756871604102,,/scratch/project_462001245/juaho/openpfc-scaling/heffte-protocol-tournament/runs/h3dpt-768-32n-r1_22175531/alltoallv
768,22175531,project_462001245,32,256,standard-g,768,768,196608,768x768x768,768x768x768,385x3x196608,1x1x256,1x256x1,alltoall,0,1,1,ok,none,07d8659e94c318c4934545d3637a2b1e6282029e,0,17c7cfba804f9a13a89d2a431aebc82340cfa094887212dad66757131b1d1457,,cray-mpich/9.0.1 cpeGNU/25.09,1.41758144,0.00643046,HEAT3D_SPECTRAL_HIP_CHECKSUM sum_u=11.735057365394521 sumsq_u=2.4422678483796925 l2=1.5627756871604102,,/scratch/project_462001245/juaho/openpfc-scaling/heffte-protocol-tournament/runs/h3dpt-768-32n-r1_22175531/alltoall
768,22175532,project_462001245,32,256,standard-g,768,768,196608,768x768x768,768x768x768,385x3x196608,1x1x256,1x256x1,p2p_plined,0,1,1,ok,none,07d8659e94c318c4934545d3637a2b1e6282029e,0,17c7cfba804f9a13a89d2a431aebc82340cfa094887212dad66757131b1d1457,,cray-mpich/9.0.1 cpeGNU/25.09,1.62827163,0.12362323,HEAT3D_SPECTRAL_HIP_CHECKSUM sum_u=11.735057365394521 sumsq_u=2.4422678483796925 l2=1.5627756871604102,,/scratch/project_462001245/juaho/openpfc-scaling/heffte-protocol-tournament/runs/h3dpt-768-32n-r2_22175532/p2p_plined
768,22175532,project_462001245,32,256,standard-g,768,768,196608,768x768x768,768x768x768,385x3x196608,1x1x256,1x256x1,p2p,0,1,1,ok,none,07d8659e94c318c4934545d3637a2b1e6282029e,0,17c7cfba804f9a13a89d2a431aebc82340cfa094887212dad66757131b1d1457,,cray-mpich/9.0.1 cpeGNU/25.09,2.18554865,0.14259337,HEAT3D_SPECTRAL_HIP_CHECKSUM sum_u=11.735057365394521 sumsq_u=2.4422678483796925 l2=1.5627756871604102,,/scratch/project_462001245/juaho/openpfc-scaling/heffte-protocol-tournament/runs/h3dpt-768-32n-r2_22175532/p2p
768,22175532,project_462001245,32,256,standard-g,768,768,196608,768x768x768,768x768x768,385x3x196608,1x1x256,1x256x1,alltoallv,0,1,1,ok,none,07d8659e94c318c4934545d3637a2b1e6282029e,0,17c7cfba804f9a13a89d2a431aebc82340cfa094887212dad66757131b1d1457,,cray-mpich/9.0.1 cpeGNU/25.09,1.46399683,0.01129528,HEAT3D_SPECTRAL_HIP_CHECKSUM sum_u=11.735057365394521 sumsq_u=2.4422678483796925 l2=1.5627756871604102,,/scratch/project_462001245/juaho/openpfc-scaling/heffte-protocol-tournament/runs/h3dpt-768-32n-r2_22175532/alltoallv
768,22175532,project_462001245,32,256,standard-g,768,768,196608,768x768x768,768x768x768,385x3x196608,1x1x256,1x256x1,alltoall,0,1,1,ok,none,07d8659e94c318c4934545d3637a2b1e6282029e,0,17c7cfba804f9a13a89d2a431aebc82340cfa094887212dad66757131b1d1457,,cray-mpich/9.0.1 cpeGNU/25.09,1.41811077,0.00692045,HEAT3D_SPECTRAL_HIP_CHECKSUM sum_u=11.735057365394521 sumsq_u=2.4422678483796925 l2=1.5627756871604102,,/scratch/project_462001245/juaho/openpfc-scaling/heffte-protocol-tournament/runs/h3dpt-768-32n-r2_22175532/alltoall
768,22175528,project_462001245,4,32,standard-g,768,768,24576,768x768x768,768x768x768,385x24x24576,1x1x32,1x32x1,p2p_plined,0,1,1,ok,none,07d8659e94c318c4934545d3637a2b1e6282029e,0,17c7cfba804f9a13a89d2a431aebc82340cfa094887212dad66757131b1d1457,,cray-mpich/9.0.1 cpeGNU/25.09,1.16237408,0.20553551,HEAT3D_SPECTRAL_HIP_CHECKSUM sum_u=11.735057365392933 sumsq_u=2.4422678483376536 l2=1.5627756871469602,,/scratch/project_462001245/juaho/openpfc-scaling/heffte-protocol-tournament/runs/h3dpt-768-4n-r1_22175528/p2p_plined
768,22175528,project_462001245,4,32,standard-g,768,768,24576,768x768x768,768x768x768,385x24x24576,1x1x32,1x32x1,p2p,0,1,1,ok,none,07d8659e94c318c4934545d3637a2b1e6282029e,0,17c7cfba804f9a13a89d2a431aebc82340cfa094887212dad66757131b1d1457,,cray-mpich/9.0.1 cpeGNU/25.09,1.19336595,0.08350972,HEAT3D_SPECTRAL_HIP_CHECKSUM sum_u=11.735057365392933 sumsq_u=2.4422678483376536 l2=1.5627756871469602,,/scratch/project_462001245/juaho/openpfc-scaling/heffte-protocol-tournament/runs/h3dpt-768-4n-r1_22175528/p2p
768,22175528,project_462001245,4,32,standard-g,768,768,24576,768x768x768,768x768x768,385x24x24576,1x1x32,1x32x1,alltoallv,0,1,1,ok,none,07d8659e94c318c4934545d3637a2b1e6282029e,0,17c7cfba804f9a13a89d2a431aebc82340cfa094887212dad66757131b1d1457,,cray-mpich/9.0.1 cpeGNU/25.09,1.09746998,0.05207430,HEAT3D_SPECTRAL_HIP_CHECKSUM sum_u=11.735057365392933 sumsq_u=2.4422678483376536 l2=1.5627756871469602,,/scratch/project_462001245/juaho/openpfc-scaling/heffte-protocol-tournament/runs/h3dpt-768-4n-r1_22175528/alltoallv
768,22175528,project_462001245,4,32,standard-g,768,768,24576,768x768x768,768x768x768,385x24x24576,1x1x32,1x32x1,alltoall,0,1,1,ok,none,07d8659e94c318c4934545d3637a2b1e6282029e,0,17c7cfba804f9a13a89d2a431aebc82340cfa094887212dad66757131b1d1457,,cray-mpich/9.0.1 cpeGNU/25.09,1.11516831,0.02216462,HEAT3D_SPECTRAL_HIP_CHECKSUM sum_u=11.735057365392933 sumsq_u=2.4422678483376536 l2=1.5627756871469602,,/scratch/project_462001245/juaho/openpfc-scaling/heffte-protocol-tournament/runs/h3dpt-768-4n-r1_22175528/alltoall
768,22175215,project_462001245,512,4096,standard-g,768,768,3145728,768x768x768,,,,,missing,,,,reject,srun_exit_127,8c0fb7637095e84de5a3ae3e4eb4ac779dcff165,0,17c7cfba804f9a13a89d2a431aebc82340cfa094887212dad66757131b1d1457,,cray-mpich/9.0.1 cpeGNU/25.09,,,,,/scratch/project_462001245/juaho/openpfc-scaling/heffte-protocol-tournament/runs/h3dpt-768-512n-r1_22175215/p2p_plined
768,22179786,project_462001245,512,4096,standard-g,768,768,3145728,768x768x768,768x768x768,25x3x3145728,1x1x4096,16x256x1,p2p_plined,0,1,1,ok,none,e9ebd95602cae04eb7c5e4345cc75f766b4c2698,0,17c7cfba804f9a13a89d2a431aebc82340cfa094887212dad66757131b1d1457,,cray-mpich/9.0.1 cpeGNU/25.09,2.41251744,0.42345584,HEAT3D_SPECTRAL_HIP_CHECKSUM sum_u=11.735057365394873 sumsq_u=2.4422678483803573 l2=1.5627756871606229,,/scratch/project_462001245/juaho/openpfc-scaling/heffte-protocol-tournament/runs/h3dpt-768-512n-r1_22179786/p2p_plined
768,22179786,project_462001245,512,4096,standard-g,768,768,3145728,768x768x768,768x768x768,25x3x3145728,1x1x4096,16x256x1,p2p,0,1,1,ok,none,e9ebd95602cae04eb7c5e4345cc75f766b4c2698,0,17c7cfba804f9a13a89d2a431aebc82340cfa094887212dad66757131b1d1457,,cray-mpich/9.0.1 cpeGNU/25.09,6.07064519,0.78282984,HEAT3D_SPECTRAL_HIP_CHECKSUM sum_u=11.735057365394894 sumsq_u=2.4422678483803582 l2=1.5627756871606233,,/scratch/project_462001245/juaho/openpfc-scaling/heffte-protocol-tournament/runs/h3dpt-768-512n-r1_22179786/p2p
768,22179786,project_462001245,512,4096,standard-g,768,768,3145728,768x768x768,768x768x768,25x3x3145728,1x1x4096,16x256x1,alltoallv,0,1,1,ok,none,e9ebd95602cae04eb7c5e4345cc75f766b4c2698,0,17c7cfba804f9a13a89d2a431aebc82340cfa094887212dad66757131b1d1457,,cray-mpich/9.0.1 cpeGNU/25.09,2.10810563,1.27599188,HEAT3D_SPECTRAL_HIP_CHECKSUM sum_u=11.735057365394884 sumsq_u=2.4422678483803582 l2=1.5627756871606233,,/scratch/project_462001245/juaho/openpfc-scaling/heffte-protocol-tournament/runs/h3dpt-768-512n-r1_22179786/alltoallv
768,22179786,project_462001245,512,4096,standard-g,768,768,3145728,768x768x768,768x768x768,25x3x3145728,1x1x4096,16x256x1,alltoall,0,1,1,ok,none,e9ebd95602cae04eb7c5e4345cc75f766b4c2698,0,17c7cfba804f9a13a89d2a431aebc82340cfa094887212dad66757131b1d1457,,cray-mpich/9.0.1 cpeGNU/25.09,2.14897535,1.07208630,HEAT3D_SPECTRAL_HIP_CHECKSUM sum_u=11.735057365394823 sumsq_u=2.4422678483803582 l2=1.5627756871606233,,/scratch/project_462001245/juaho/openpfc-scaling/heffte-protocol-tournament/runs/h3dpt-768-512n-r1_22179786/alltoall
768,22179787,project_462001245,512,4096,standard-g,768,768,3145728,768x768x768,768x768x768,25x3x3145728,1x1x4096,16x256x1,p2p_plined,0,1,1,ok,none,e9ebd95602cae04eb7c5e4345cc75f766b4c2698,0,17c7cfba804f9a13a89d2a431aebc82340cfa094887212dad66757131b1d1457,,cray-mpich/9.0.1 cpeGNU/25.09,2.42566995,0.34439512,HEAT3D_SPECTRAL_HIP_CHECKSUM sum_u=11.73505736539493 sumsq_u=2.4422678483803586 l2=1.5627756871606233,,/scratch/project_462001245/juaho/openpfc-scaling/heffte-protocol-tournament/runs/h3dpt-768-512n-r2_22179787/p2p_plined
768,22179787,project_462001245,512,4096,standard-g,768,768,3145728,768x768x768,768x768x768,25x3x3145728,1x1x4096,16x256x1,p2p,0,1,1,ok,none,e9ebd95602cae04eb7c5e4345cc75f766b4c2698,0,17c7cfba804f9a13a89d2a431aebc82340cfa094887212dad66757131b1d1457,,cray-mpich/9.0.1 cpeGNU/25.09,6.08584552,0.60617009,HEAT3D_SPECTRAL_HIP_CHECKSUM sum_u=11.735057365394855 sumsq_u=2.4422678483803573 l2=1.5627756871606229,,/scratch/project_462001245/juaho/openpfc-scaling/heffte-protocol-tournament/runs/h3dpt-768-512n-r2_22179787/p2p
768,22179787,project_462001245,512,4096,standard-g,768,768,3145728,768x768x768,768x768x768,25x3x3145728,1x1x4096,16x256x1,alltoallv,0,1,1,ok,none,e9ebd95602cae04eb7c5e4345cc75f766b4c2698,0,17c7cfba804f9a13a89d2a431aebc82340cfa094887212dad66757131b1d1457,,cray-mpich/9.0.1 cpeGNU/25.09,2.10714232,1.26069606,HEAT3D_SPECTRAL_HIP_CHECKSUM sum_u=11.73505736539491 sumsq_u=2.4422678483803582 l2=1.5627756871606233,,/scratch/project_462001245/juaho/openpfc-scaling/heffte-protocol-tournament/runs/h3dpt-768-512n-r2_22179787/alltoallv
768,22179787,project_462001245,512,4096,standard-g,768,768,3145728,768x768x768,768x768x768,25x3x3145728,1x1x4096,16x256x1,alltoall,0,1,1,ok,none,e9ebd95602cae04eb7c5e4345cc75f766b4c2698,0,17c7cfba804f9a13a89d2a431aebc82340cfa094887212dad66757131b1d1457,,cray-mpich/9.0.1 cpeGNU/25.09,2.14848829,1.05091901,HEAT3D_SPECTRAL_HIP_CHECKSUM sum_u=11.735057365394869 sumsq_u=2.4422678483803577 l2=1.5627756871606231,,/scratch/project_462001245/juaho/openpfc-scaling/heffte-protocol-tournament/runs/h3dpt-768-512n-r2_22179787/alltoall
768,22175533,project_462001245,64,512,standard-g,768,768,393216,768x768x768,768x768x768,193x3x393216,1x1x512,2x256x1,p2p_plined,0,1,1,ok,none,07d8659e94c318c4934545d3637a2b1e6282029e,0,17c7cfba804f9a13a89d2a431aebc82340cfa094887212dad66757131b1d1457,,cray-mpich/9.0.1 cpeGNU/25.09,1.77560274,0.15203914,HEAT3D_SPECTRAL_HIP_CHECKSUM sum_u=11.735057365394379 sumsq_u=2.4422678483801916 l2=1.56277568716057,,/scratch/project_462001245/juaho/openpfc-scaling/heffte-protocol-tournament/runs/h3dpt-768-64n-r1_22175533/p2p_plined
768,22175533,project_462001245,64,512,standard-g,768,768,393216,768x768x768,768x768x768,193x3x393216,1x1x512,2x256x1,p2p,0,1,1,ok,none,07d8659e94c318c4934545d3637a2b1e6282029e,0,17c7cfba804f9a13a89d2a431aebc82340cfa094887212dad66757131b1d1457,,cray-mpich/9.0.1 cpeGNU/25.09,2.91278483,0.18116878,HEAT3D_SPECTRAL_HIP_CHECKSUM sum_u=11.735057365394379 sumsq_u=2.4422678483801916 l2=1.56277568716057,,/scratch/project_462001245/juaho/openpfc-scaling/heffte-protocol-tournament/runs/h3dpt-768-64n-r1_22175533/p2p
768,22175533,project_462001245,64,512,standard-g,768,768,393216,768x768x768,768x768x768,193x3x393216,1x1x512,2x256x1,alltoallv,0,1,1,ok,none,07d8659e94c318c4934545d3637a2b1e6282029e,0,17c7cfba804f9a13a89d2a431aebc82340cfa094887212dad66757131b1d1457,,cray-mpich/9.0.1 cpeGNU/25.09,1.66174923,0.00629789,HEAT3D_SPECTRAL_HIP_CHECKSUM sum_u=11.735057365394379 sumsq_u=2.4422678483801916 l2=1.56277568716057,,/scratch/project_462001245/juaho/openpfc-scaling/heffte-protocol-tournament/runs/h3dpt-768-64n-r1_22175533/alltoallv
768,22175533,project_462001245,64,512,standard-g,768,768,393216,768x768x768,768x768x768,193x3x393216,1x1x512,2x256x1,alltoall,0,1,1,ok,none,07d8659e94c318c4934545d3637a2b1e6282029e,0,17c7cfba804f9a13a89d2a431aebc82340cfa094887212dad66757131b1d1457,,cray-mpich/9.0.1 cpeGNU/25.09,1.61552249,0.09714326,HEAT3D_SPECTRAL_HIP_CHECKSUM sum_u=11.735057365394379 sumsq_u=2.4422678483801916 l2=1.56277568716057,,/scratch/project_462001245/juaho/openpfc-scaling/heffte-protocol-tournament/runs/h3dpt-768-64n-r1_22175533/alltoall
768,22175535,project_462001245,64,512,standard-g,768,768,393216,768x768x768,768x768x768,193x3x393216,1x1x512,2x256x1,p2p_plined,0,1,1,ok,none,07d8659e94c318c4934545d3637a2b1e6282029e,0,17c7cfba804f9a13a89d2a431aebc82340cfa094887212dad66757131b1d1457,,cray-mpich/9.0.1 cpeGNU/25.09,1.70572578,0.18762894,HEAT3D_SPECTRAL_HIP_CHECKSUM sum_u=11.735057365394379 sumsq_u=2.4422678483801916 l2=1.56277568716057,,/scratch/project_462001245/juaho/openpfc-scaling/heffte-protocol-tournament/runs/h3dpt-768-64n-r2_22175535/p2p_plined
768,22175535,project_462001245,64,512,standard-g,768,768,393216,768x768x768,768x768x768,193x3x393216,1x1x512,2x256x1,p2p,0,1,1,ok,none,07d8659e94c318c4934545d3637a2b1e6282029e,0,17c7cfba804f9a13a89d2a431aebc82340cfa094887212dad66757131b1d1457,,cray-mpich/9.0.1 cpeGNU/25.09,2.90680025,0.21720536,HEAT3D_SPECTRAL_HIP_CHECKSUM sum_u=11.735057365394379 sumsq_u=2.4422678483801916 l2=1.56277568716057,,/scratch/project_462001245/juaho/openpfc-scaling/heffte-protocol-tournament/runs/h3dpt-768-64n-r2_22175535/p2p
768,22175535,project_462001245,64,512,standard-g,768,768,393216,768x768x768,768x768x768,193x3x393216,1x1x512,2x256x1,alltoallv,0,1,1,ok,none,07d8659e94c318c4934545d3637a2b1e6282029e,0,17c7cfba804f9a13a89d2a431aebc82340cfa094887212dad66757131b1d1457,,cray-mpich/9.0.1 cpeGNU/25.09,1.65792428,0.00771094,HEAT3D_SPECTRAL_HIP_CHECKSUM sum_u=11.735057365394379 sumsq_u=2.4422678483801916 l2=1.56277568716057,,/scratch/project_462001245/juaho/openpfc-scaling/heffte-protocol-tournament/runs/h3dpt-768-64n-r2_22175535/alltoallv
768,22175535,project_462001245,64,512,standard-g,768,768,393216,768x768x768,768x768x768,193x3x393216,1x1x512,2x256x1,alltoall,0,1,1,ok,none,07d8659e94c318c4934545d3637a2b1e6282029e,0,17c7cfba804f9a13a89d2a431aebc82340cfa094887212dad66757131b1d1457,,cray-mpich/9.0.1 cpeGNU/25.09,1.61844523,0.11458654,HEAT3D_SPECTRAL_HIP_CHECKSUM sum_u=11.735057365394379 sumsq_u=2.4422678483801916 l2=1.56277568716057,,/scratch/project_462001245/juaho/openpfc-scaling/heffte-protocol-tournament/runs/h3dpt-768-64n-r2_22175535/alltoall
768,22175529,project_462001245,8,64,standard-g,768,768,49152,768x768x768,768x768x768,385x12x49152,1x1x64,1x64x1,p2p_plined,0,1,1,ok,none,07d8659e94c318c4934545d3637a2b1e6282029e,0,17c7cfba804f9a13a89d2a431aebc82340cfa094887212dad66757131b1d1457,,cray-mpich/9.0.1 cpeGNU/25.09,1.50077318,0.16749428,HEAT3D_SPECTRAL_HIP_CHECKSUM sum_u=11.735057365394841 sumsq_u=2.4422678483696849 l2=1.5627756871572085,,/scratch/project_462001245/juaho/openpfc-scaling/heffte-protocol-tournament/runs/h3dpt-768-8n-r1_22175529/p2p_plined
768,22175529,project_462001245,8,64,standard-g,768,768,49152,768x768x768,768x768x768,385x12x49152,1x1x64,1x64x1,p2p,0,1,1,ok,none,07d8659e94c318c4934545d3637a2b1e6282029e,0,17c7cfba804f9a13a89d2a431aebc82340cfa094887212dad66757131b1d1457,,cray-mpich/9.0.1 cpeGNU/25.09,1.52548295,0.26661604,HEAT3D_SPECTRAL_HIP_CHECKSUM sum_u=11.735057365394841 sumsq_u=2.4422678483696849 l2=1.5627756871572085,,/scratch/project_462001245/juaho/openpfc-scaling/heffte-protocol-tournament/runs/h3dpt-768-8n-r1_22175529/p2p
768,22175529,project_462001245,8,64,standard-g,768,768,49152,768x768x768,768x768x768,385x12x49152,1x1x64,1x64x1,alltoallv,0,1,1,ok,none,07d8659e94c318c4934545d3637a2b1e6282029e,0,17c7cfba804f9a13a89d2a431aebc82340cfa094887212dad66757131b1d1457,,cray-mpich/9.0.1 cpeGNU/25.09,1.31522088,0.04805364,HEAT3D_SPECTRAL_HIP_CHECKSUM sum_u=11.735057365394841 sumsq_u=2.4422678483696849 l2=1.5627756871572085,,/scratch/project_462001245/juaho/openpfc-scaling/heffte-protocol-tournament/runs/h3dpt-768-8n-r1_22175529/alltoallv
768,22175529,project_462001245,8,64,standard-g,768,768,49152,768x768x768,768x768x768,385x12x49152,1x1x64,1x64x1,alltoall,0,1,1,ok,none,07d8659e94c318c4934545d3637a2b1e6282029e,0,17c7cfba804f9a13a89d2a431aebc82340cfa094887212dad66757131b1d1457,,cray-mpich/9.0.1 cpeGNU/25.09,1.26345841,0.02684111,HEAT3D_SPECTRAL_HIP_CHECKSUM sum_u=11.735057365394841 sumsq_u=2.4422678483696849 l2=1.5627756871572085,,/scratch/project_462001245/juaho/openpfc-scaling/heffte-protocol-tournament/runs/h3dpt-768-8n-r1_22175529/alltoall
