family,reshape,nodes,ranks,Nx,Ny,Nz,n_repeats,wall_step_s_median,wall_step_s_min,wall_step_s_max,weak_eff,rel_p2p_plined,t_double,penalty_per_doubling,rank_at_scale,jobs
512,alltoall,1,1,512,512,512,1,0.11468431,0.11468431,0.11468431,1.0000,1.0009,,,4,22179789
512,alltoall,1,8,512,512,4096,1,0.15304030,0.15304030,0.15304030,0.7494,1.2004,,,2,22178078
512,alltoall,2,16,512,512,8192,1,0.27483293,0.27483293,0.27483293,0.4173,1.1034,1.7958,0.7958,3,22178079
512,alltoall,4,32,512,512,16384,1,0.33010698,0.33010698,0.33010698,0.3474,0.9283,1.2011,0.2011,2,22178080
512,alltoall,8,64,512,512,32768,1,0.39059249,0.39059249,0.39059249,0.2936,0.8772,1.1832,0.1832,1,22178081
512,alltoall,16,128,512,512,65536,1,0.44842330,0.44842330,0.44842330,0.2558,0.9656,1.1481,0.1481,1,22178082
512,alltoall,32,256,512,512,131072,2,0.54238038,0.54128002,0.54348075,0.2114,1.3195,1.2095,0.2095,2,"22178083,22178084"
512,alltoall,64,512,512,512,262144,2,0.72505630,0.72017054,0.72994205,0.1582,1.3550,1.3368,0.3368,2,"22178085,22178086"
512,alltoall,128,1024,512,512,524288,2,1.07499033,1.07481393,1.07516674,0.1067,1.1579,1.4826,0.4826,2,"22178087,22178088"
512,alltoallv,1,1,512,512,512,1,0.11426214,0.11426214,0.11426214,1.0000,0.9972,,,1,22179789
512,alltoallv,1,8,512,512,4096,1,0.22024982,0.22024982,0.22024982,0.5188,1.7276,,,4,22178078
512,alltoallv,2,16,512,512,8192,1,0.25661537,0.25661537,0.25661537,0.4453,1.0302,1.1651,0.1651,2,22178079
512,alltoallv,4,32,512,512,16384,1,0.32731066,0.32731066,0.32731066,0.3491,0.9204,1.2755,0.2755,1,22178080
512,alltoallv,8,64,512,512,32768,1,0.41150078,0.41150078,0.41150078,0.2777,0.9241,1.2572,0.2572,2,22178081
512,alltoallv,16,128,512,512,65536,1,0.47682506,0.47682506,0.47682506,0.2396,1.0268,1.1587,0.1587,3,22178082
512,alltoallv,32,256,512,512,131072,2,0.56584413,0.56542569,0.56626257,0.2019,1.3765,1.1867,0.1867,3,"22178083,22178084"
512,alltoallv,64,512,512,512,262144,2,0.74352272,0.73892249,0.74812294,0.1537,1.3895,1.3140,0.3140,3,"22178085,22178086"
512,alltoallv,128,1024,512,512,524288,2,1.08089255,1.07901842,1.08276668,0.1057,1.1643,1.4537,0.4537,3,"22178087,22178088"
512,p2p,1,1,512,512,512,1,0.11458811,0.11458811,0.11458811,1.0000,1.0000,,,3,22179789
512,p2p,1,8,512,512,4096,1,0.16416168,0.16416168,0.16416168,0.6980,1.2877,,,3,22178078
512,p2p,2,16,512,512,8192,1,0.30572137,0.30572137,0.30572137,0.3748,1.2274,1.8623,0.8623,4,22178079
512,p2p,4,32,512,512,16384,1,0.37068013,0.37068013,0.37068013,0.3091,1.0424,1.2125,0.2125,4,22178080
512,p2p,8,64,512,512,32768,1,0.56127553,0.56127553,0.56127553,0.2042,1.2605,1.5142,0.5142,4,22178081
512,p2p,16,128,512,512,65536,1,0.79008326,0.79008326,0.79008326,0.1450,1.7013,1.4077,0.4077,4,22178082
512,p2p,32,256,512,512,131072,2,1.21129065,1.20552804,1.21705326,0.0946,2.9467,1.5331,0.5331,4,"22178083,22178084"
512,p2p,64,512,512,512,262144,2,1.73631126,1.72503299,1.74758953,0.0660,3.2449,1.4334,0.4334,4,"22178085,22178086"
512,p2p,128,1024,512,512,524288,2,3.06787684,3.06606728,3.06968641,0.0374,3.3045,1.7669,0.7669,4,"22178087,22178088"
512,p2p_plined,1,1,512,512,512,1,0.11458648,0.11458648,0.11458648,1.0000,1.0000,,,2,22179789
512,p2p_plined,1,8,512,512,4096,1,0.12748686,0.12748686,0.12748686,0.8988,1.0000,,,1,22178078
512,p2p_plined,2,16,512,512,8192,1,0.24908197,0.24908197,0.24908197,0.4600,1.0000,1.9538,0.9538,1,22178079
512,p2p_plined,4,32,512,512,16384,1,0.35560619,0.35560619,0.35560619,0.3222,1.0000,1.4277,0.4277,3,22178080
512,p2p_plined,8,64,512,512,32768,1,0.44528926,0.44528926,0.44528926,0.2573,1.0000,1.2522,0.2522,3,22178081
512,p2p_plined,16,128,512,512,65536,1,0.46439509,0.46439509,0.46439509,0.2467,1.0000,1.0429,0.0429,2,22178082
512,p2p_plined,32,256,512,512,131072,2,0.41106262,0.40467033,0.41745491,0.2788,1.0000,0.8852,-0.1148,1,"22178083,22178084"
512,p2p_plined,64,512,512,512,262144,2,0.53508316,0.52960555,0.54056078,0.2141,1.0000,1.3017,0.3017,1,"22178085,22178086"
512,p2p_plined,128,1024,512,512,524288,2,0.92839355,0.92180715,0.93497996,0.1234,1.0000,1.7350,0.7350,1,"22178087,22178088"
768,alltoall,1,1,768,768,768,1,0.42305108,0.42305108,0.42305108,1.0000,1.0196,,,4,22179788
768,alltoall,1,8,768,768,6144,1,0.61205368,0.61205368,0.61205368,0.6912,1.2008,,,2,22175526
768,alltoall,2,16,768,768,12288,1,0.95574468,0.95574468,0.95574468,0.4426,1.0821,1.5615,0.5615,3,22175527
768,alltoall,4,32,768,768,24576,1,1.11516831,1.11516831,1.11516831,0.3794,0.9594,1.1668,0.1668,2,22175528
768,alltoall,8,64,768,768,49152,1,1.26345841,1.26345841,1.26345841,0.3348,0.8419,1.1330,0.1330,1,22175529
768,alltoall,16,128,768,768,98304,1,1.30065966,1.30065966,1.30065966,0.3253,0.8302,1.0294,0.0294,1,22175530
768,alltoall,32,256,768,768,196608,2,1.41784610,1.41758144,1.41811077,0.2984,0.8795,1.0901,0.0901,1,"22175531,22175532"
768,alltoall,64,512,768,768,393216,2,1.61698386,1.61552249,1.61844523,0.2616,0.9289,1.1405,0.1405,1,"22175533,22175535"
768,alltoall,128,1024,768,768,786432,2,1.97409237,1.97168505,1.97649969,0.2143,1.1873,1.2208,0.2208,2,"22175536,22175537"
768,alltoall,256,2048,768,768,1572864,2,2.06382121,2.06240802,2.06523441,0.2050,1.0332,1.0455,0.0455,2,"22175538,22175539"
768,alltoall,512,4096,768,768,3145728,2,2.14873182,2.14848829,2.14897535,0.1969,0.8882,1.0411,0.0411,2,"22179786,22179787"
768,alltoallv,1,1,768,768,768,1,0.41514158,0.41514158,0.41514158,1.0000,1.0005,,,3,22179788
768,alltoallv,1,8,768,768,6144,1,0.80200439,0.80200439,0.80200439,0.5176,1.5735,,,4,22175526
768,alltoallv,2,16,768,768,12288,1,0.88626855,0.88626855,0.88626855,0.4684,1.0034,1.1051,0.1051,2,22175527
768,alltoallv,4,32,768,768,24576,1,1.09746998,1.09746998,1.09746998,0.3783,0.9442,1.2383,0.2383,1,22175528
768,alltoallv,8,64,768,768,49152,1,1.31522088,1.31522088,1.31522088,0.3156,0.8764,1.1984,0.1984,2,22175529
768,alltoallv,16,128,768,768,98304,1,1.35895574,1.35895574,1.35895574,0.3055,0.8674,1.0333,0.0333,2,22175530
768,alltoallv,32,256,768,768,196608,2,1.45978377,1.45557070,1.46399683,0.2844,0.9055,1.0742,0.0742,2,"22175531,22175532"
768,alltoallv,64,512,768,768,393216,2,1.65983676,1.65792428,1.66174923,0.2501,0.9536,1.1370,0.1370,2,"22175533,22175535"
768,alltoallv,128,1024,768,768,786432,2,1.99905566,1.99627935,2.00183198,0.2077,1.2024,1.2044,0.2044,3,"22175536,22175537"
768,alltoallv,256,2048,768,768,1572864,2,2.07830560,2.07671654,2.07989466,0.1998,1.0404,1.0396,0.0396,3,"22175538,22175539"
768,alltoallv,512,4096,768,768,3145728,2,2.10762398,2.10714232,2.10810563,0.1970,0.8712,1.0141,0.0141,1,"22179786,22179787"
768,p2p,1,1,768,768,768,1,0.41494381,0.41494381,0.41494381,1.0000,1.0000,,,2,22179788
768,p2p,1,8,768,768,6144,1,0.67989590,0.67989590,0.67989590,0.6103,1.3339,,,3,22175526
768,p2p,2,16,768,768,12288,1,1.13223899,1.13223899,1.13223899,0.3665,1.2819,1.6653,0.6653,4,22175527
768,p2p,4,32,768,768,24576,1,1.19336595,1.19336595,1.19336595,0.3477,1.0267,1.0540,0.0540,4,22175528
768,p2p,8,64,768,768,49152,1,1.52548295,1.52548295,1.52548295,0.2720,1.0165,1.2783,0.2783,4,22175529
768,p2p,16,128,768,768,98304,1,1.85031939,1.85031939,1.85031939,0.2243,1.1810,1.2129,0.2129,4,22175530
768,p2p,32,256,768,768,196608,2,2.17359040,2.16163215,2.18554865,0.1909,1.3483,1.1747,0.1747,4,"22175531,22175532"
768,p2p,64,512,768,768,393216,2,2.90979254,2.90680025,2.91278483,0.1426,1.6717,1.3387,0.3387,4,"22175533,22175535"
768,p2p,128,1024,768,768,786432,2,4.35941351,4.34671292,4.37211409,0.0952,2.6220,1.4982,0.4982,4,"22175536,22175537"
768,p2p,256,2048,768,768,1572864,2,5.08380112,5.02592392,5.14167832,0.0816,2.5450,1.1662,0.1662,4,"22175538,22175539"
768,p2p,512,4096,768,768,3145728,2,6.07824535,6.07064519,6.08584552,0.0683,2.5126,1.1956,0.1956,4,"22179786,22179787"
768,p2p_plined,1,1,768,768,768,1,0.41493275,0.41493275,0.41493275,1.0000,1.0000,,,1,22179788
768,p2p_plined,1,8,768,768,6144,1,0.50969505,0.50969505,0.50969505,0.8141,1.0000,,,1,22175526
768,p2p_plined,2,16,768,768,12288,1,0.88324244,0.88324244,0.88324244,0.4698,1.0000,1.7329,0.7329,1,22175527
768,p2p_plined,4,32,768,768,24576,1,1.16237408,1.16237408,1.16237408,0.3570,1.0000,1.3160,0.3160,3,22175528
768,p2p_plined,8,64,768,768,49152,1,1.50077318,1.50077318,1.50077318,0.2765,1.0000,1.2911,0.2911,3,22175529
768,p2p_plined,16,128,768,768,98304,1,1.56673295,1.56673295,1.56673295,0.2648,1.0000,1.0440,0.0440,3,22175530
768,p2p_plined,32,256,768,768,196608,2,1.61204317,1.59581470,1.62827163,0.2574,1.0000,1.0289,0.0289,3,"22175531,22175532"
768,p2p_plined,64,512,768,768,393216,2,1.74066426,1.70572578,1.77560274,0.2384,1.0000,1.0798,0.0798,3,"22175533,22175535"
768,p2p_plined,128,1024,768,768,786432,2,1.66260574,1.65426064,1.67095084,0.2496,1.0000,0.9552,-0.0448,1,"22175536,22175537"
768,p2p_plined,256,2048,768,768,1572864,2,1.99752562,1.98953551,2.00551574,0.2077,1.0000,1.2014,0.2014,1,"22175538,22175539"
768,p2p_plined,512,4096,768,768,3145728,2,2.41909369,2.41251744,2.42566995,0.1715,1.0000,1.2110,0.2110,3,"22179786,22179787"
