issue,family,nodes,ranks,reshape,real_grid,complex_grid,inbox_xyz,outbox_xyz,n_reshape_stages,n_mpi_reshapes,n_local_reshapes,n_identity,predicted_all_peer_rounds_per_cycle,comm_group_size,n_peers,n_onnode_peers,n_offnode_peers,bytes_per_rank_per_reshape,bytes_per_timestep,bytes_per_peer,node_local,plan_source,model_features
106,768,112,896,p2p_plined,1x1x896,7x128x1,768x768x768,55x6x688128,1,1,0,3,2,896,895,7,888,3633315840,7266631680,4055040,no,openpfc_slab_r2c_min_reshape_replica,n_messages=1790;bytes=7266631680;n_peers=895
106,768,112,896,p2p,1x1x896,7x128x1,768x768x768,55x6x688128,1,1,0,3,2,896,895,7,888,3633315840,7266631680,4055040,no,openpfc_slab_r2c_min_reshape_replica,n_messages=1790;bytes=7266631680;n_peers=895
106,768,112,896,alltoallv,1x1x896,7x128x1,768x768x768,55x6x688128,1,1,0,3,2,896,895,7,888,3633315840,7266631680,4055040,no,openpfc_slab_r2c_min_reshape_replica,n_messages=2;bytes=7266631680;n_peers=895
106,768,112,896,alltoall,1x1x896,7x128x1,768x768x768,55x6x688128,1,1,0,3,2,896,895,7,888,3633315840,7266631680,4055040,no,openpfc_slab_r2c_min_reshape_replica,n_messages=2;bytes=7266631680;n_peers=895
106,768,124,992,p2p_plined,1x1x992,31x32x1,768x768x768,13x24x761856,1,1,0,3,2,992,991,7,984,3803185152,7606370304,3833856,no,openpfc_slab_r2c_min_reshape_replica,n_messages=1982;bytes=7606370304;n_peers=991
106,768,124,992,p2p,1x1x992,31x32x1,768x768x768,13x24x761856,1,1,0,3,2,992,991,7,984,3803185152,7606370304,3833856,no,openpfc_slab_r2c_min_reshape_replica,n_messages=1982;bytes=7606370304;n_peers=991
106,768,124,992,alltoallv,1x1x992,31x32x1,768x768x768,13x24x761856,1,1,0,3,2,992,991,7,984,3803185152,7606370304,3833856,no,openpfc_slab_r2c_min_reshape_replica,n_messages=2;bytes=7606370304;n_peers=991
106,768,124,992,alltoall,1x1x992,31x32x1,768x768x768,13x24x761856,1,1,0,3,2,992,991,7,984,3803185152,7606370304,3833856,no,openpfc_slab_r2c_min_reshape_replica,n_messages=2;bytes=7606370304;n_peers=991
106,768,128,1024,p2p_plined,1x1x1024,4x256x1,768x768x768,97x3x786432,1,1,0,3,2,1024,1023,7,1016,3661627392,7323254784,3575808,no,openpfc_slab_r2c_min_reshape_replica,n_messages=2046;bytes=7323254784;n_peers=1023
106,768,128,1024,p2p,1x1x1024,4x256x1,768x768x768,97x3x786432,1,1,0,3,2,1024,1023,7,1016,3661627392,7323254784,3575808,no,openpfc_slab_r2c_min_reshape_replica,n_messages=2046;bytes=7323254784;n_peers=1023
106,768,128,1024,alltoallv,1x1x1024,4x256x1,768x768x768,97x3x786432,1,1,0,3,2,1024,1023,7,1016,3661627392,7323254784,3575808,no,openpfc_slab_r2c_min_reshape_replica,n_messages=2;bytes=7323254784;n_peers=1023
106,768,128,1024,alltoall,1x1x1024,4x256x1,768x768x768,97x3x786432,1,1,0,3,2,1024,1023,7,1016,3661627392,7323254784,3575808,no,openpfc_slab_r2c_min_reshape_replica,n_messages=2;bytes=7323254784;n_peers=1023
106,768,136,1088,p2p_plined,1x1x1088,17x64x1,768x768x768,23x12x835584,1,1,0,3,2,1088,1087,7,1080,3689938944,7379877888,3391488,no,openpfc_slab_r2c_min_reshape_replica,n_messages=2174;bytes=7379877888;n_peers=1087
106,768,136,1088,p2p,1x1x1088,17x64x1,768x768x768,23x12x835584,1,1,0,3,2,1088,1087,7,1080,3689938944,7379877888,3391488,no,openpfc_slab_r2c_min_reshape_replica,n_messages=2174;bytes=7379877888;n_peers=1087
106,768,136,1088,alltoallv,1x1x1088,17x64x1,768x768x768,23x12x835584,1,1,0,3,2,1088,1087,7,1080,3689938944,7379877888,3391488,no,openpfc_slab_r2c_min_reshape_replica,n_messages=2;bytes=7379877888;n_peers=1087
106,768,136,1088,alltoall,1x1x1088,17x64x1,768x768x768,23x12x835584,1,1,0,3,2,1088,1087,7,1080,3689938944,7379877888,3391488,no,openpfc_slab_r2c_min_reshape_replica,n_messages=2;bytes=7379877888;n_peers=1087
106,768,240,1920,p2p_plined,1x1x1920,5x384x1,768x768x768,77x2x1474560,1,1,0,3,2,1920,1919,7,1912,3633315840,7266631680,1892352,no,openpfc_slab_r2c_min_reshape_replica,n_messages=3838;bytes=7266631680;n_peers=1919
106,768,240,1920,p2p,1x1x1920,5x384x1,768x768x768,77x2x1474560,1,1,0,3,2,1920,1919,7,1912,3633315840,7266631680,1892352,no,openpfc_slab_r2c_min_reshape_replica,n_messages=3838;bytes=7266631680;n_peers=1919
106,768,240,1920,alltoallv,1x1x1920,5x384x1,768x768x768,77x2x1474560,1,1,0,3,2,1920,1919,7,1912,3633315840,7266631680,1892352,no,openpfc_slab_r2c_min_reshape_replica,n_messages=2;bytes=7266631680;n_peers=1919
106,768,240,1920,alltoall,1x1x1920,5x384x1,768x768x768,77x2x1474560,1,1,0,3,2,1920,1919,7,1912,3633315840,7266631680,1892352,no,openpfc_slab_r2c_min_reshape_replica,n_messages=2;bytes=7266631680;n_peers=1919
106,768,248,1984,p2p_plined,1x1x1984,31x64x1,768x768x768,13x12x1523712,1,1,0,3,2,1984,1983,7,1976,3803185152,7606370304,1916928,no,openpfc_slab_r2c_min_reshape_replica,n_messages=3966;bytes=7606370304;n_peers=1983
106,768,248,1984,p2p,1x1x1984,31x64x1,768x768x768,13x12x1523712,1,1,0,3,2,1984,1983,7,1976,3803185152,7606370304,1916928,no,openpfc_slab_r2c_min_reshape_replica,n_messages=3966;bytes=7606370304;n_peers=1983
106,768,248,1984,alltoallv,1x1x1984,31x64x1,768x768x768,13x12x1523712,1,1,0,3,2,1984,1983,7,1976,3803185152,7606370304,1916928,no,openpfc_slab_r2c_min_reshape_replica,n_messages=2;bytes=7606370304;n_peers=1983
106,768,248,1984,alltoall,1x1x1984,31x64x1,768x768x768,13x12x1523712,1,1,0,3,2,1984,1983,7,1976,3803185152,7606370304,1916928,no,openpfc_slab_r2c_min_reshape_replica,n_messages=2;bytes=7606370304;n_peers=1983
106,768,256,2048,p2p_plined,1x1x2048,8x256x1,768x768x768,49x3x1572864,1,1,0,3,2,2048,2047,7,2040,3699376128,7398752256,1806336,no,openpfc_slab_r2c_min_reshape_replica,n_messages=4094;bytes=7398752256;n_peers=2047
106,768,256,2048,p2p,1x1x2048,8x256x1,768x768x768,49x3x1572864,1,1,0,3,2,2048,2047,7,2040,3699376128,7398752256,1806336,no,openpfc_slab_r2c_min_reshape_replica,n_messages=4094;bytes=7398752256;n_peers=2047
106,768,256,2048,alltoallv,1x1x2048,8x256x1,768x768x768,49x3x1572864,1,1,0,3,2,2048,2047,7,2040,3699376128,7398752256,1806336,no,openpfc_slab_r2c_min_reshape_replica,n_messages=2;bytes=7398752256;n_peers=2047
106,768,256,2048,alltoall,1x1x2048,8x256x1,768x768x768,49x3x1572864,1,1,0,3,2,2048,2047,7,2040,3699376128,7398752256,1806336,no,openpfc_slab_r2c_min_reshape_replica,n_messages=2;bytes=7398752256;n_peers=2047
106,768,264,2112,p2p_plined,1x1x2112,11x192x1,768x768x768,35x4x1622016,1,1,0,3,2,2112,2111,7,2104,3633315840,7266631680,1720320,no,openpfc_slab_r2c_min_reshape_replica,n_messages=4222;bytes=7266631680;n_peers=2111
106,768,264,2112,p2p,1x1x2112,11x192x1,768x768x768,35x4x1622016,1,1,0,3,2,2112,2111,7,2104,3633315840,7266631680,1720320,no,openpfc_slab_r2c_min_reshape_replica,n_messages=4222;bytes=7266631680;n_peers=2111
106,768,264,2112,alltoallv,1x1x2112,11x192x1,768x768x768,35x4x1622016,1,1,0,3,2,2112,2111,7,2104,3633315840,7266631680,1720320,no,openpfc_slab_r2c_min_reshape_replica,n_messages=2;bytes=7266631680;n_peers=2111
106,768,264,2112,alltoall,1x1x2112,11x192x1,768x768x768,35x4x1622016,1,1,0,3,2,2112,2111,7,2104,3633315840,7266631680,1720320,no,openpfc_slab_r2c_min_reshape_replica,n_messages=2;bytes=7266631680;n_peers=2111
106,768,480,3840,p2p_plined,1x1x3840,5x768x1,768x768x768,77x1x2949120,1,1,0,3,2,3840,3839,7,3832,3633315840,7266631680,946176,no,openpfc_slab_r2c_min_reshape_replica,n_messages=7678;bytes=7266631680;n_peers=3839
106,768,480,3840,p2p,1x1x3840,5x768x1,768x768x768,77x1x2949120,1,1,0,3,2,3840,3839,7,3832,3633315840,7266631680,946176,no,openpfc_slab_r2c_min_reshape_replica,n_messages=7678;bytes=7266631680;n_peers=3839
106,768,480,3840,alltoallv,1x1x3840,5x768x1,768x768x768,77x1x2949120,1,1,0,3,2,3840,3839,7,3832,3633315840,7266631680,946176,no,openpfc_slab_r2c_min_reshape_replica,n_messages=2;bytes=7266631680;n_peers=3839
106,768,480,3840,alltoall,1x1x3840,5x768x1,768x768x768,77x1x2949120,1,1,0,3,2,3840,3839,7,3832,3633315840,7266631680,946176,no,openpfc_slab_r2c_min_reshape_replica,n_messages=2;bytes=7266631680;n_peers=3839
106,768,496,3968,p2p_plined,1x1x3968,31x128x1,768x768x768,13x6x3047424,1,1,0,3,2,3968,3967,7,3960,3803185152,7606370304,958464,no,openpfc_slab_r2c_min_reshape_replica,n_messages=7934;bytes=7606370304;n_peers=3967
106,768,496,3968,p2p,1x1x3968,31x128x1,768x768x768,13x6x3047424,1,1,0,3,2,3968,3967,7,3960,3803185152,7606370304,958464,no,openpfc_slab_r2c_min_reshape_replica,n_messages=7934;bytes=7606370304;n_peers=3967
106,768,496,3968,alltoallv,1x1x3968,31x128x1,768x768x768,13x6x3047424,1,1,0,3,2,3968,3967,7,3960,3803185152,7606370304,958464,no,openpfc_slab_r2c_min_reshape_replica,n_messages=2;bytes=7606370304;n_peers=3967
106,768,496,3968,alltoall,1x1x3968,31x128x1,768x768x768,13x6x3047424,1,1,0,3,2,3968,3967,7,3960,3803185152,7606370304,958464,no,openpfc_slab_r2c_min_reshape_replica,n_messages=2;bytes=7606370304;n_peers=3967
106,768,512,4096,p2p_plined,1x1x4096,16x256x1,768x768x768,25x3x3145728,1,1,0,3,2,4096,4095,7,4088,3774873600,7549747200,921600,no,openpfc_slab_r2c_min_reshape_replica,n_messages=8190;bytes=7549747200;n_peers=4095
106,768,512,4096,p2p,1x1x4096,16x256x1,768x768x768,25x3x3145728,1,1,0,3,2,4096,4095,7,4088,3774873600,7549747200,921600,no,openpfc_slab_r2c_min_reshape_replica,n_messages=8190;bytes=7549747200;n_peers=4095
106,768,512,4096,alltoallv,1x1x4096,16x256x1,768x768x768,25x3x3145728,1,1,0,3,2,4096,4095,7,4088,3774873600,7549747200,921600,no,openpfc_slab_r2c_min_reshape_replica,n_messages=2;bytes=7549747200;n_peers=4095
106,768,512,4096,alltoall,1x1x4096,16x256x1,768x768x768,25x3x3145728,1,1,0,3,2,4096,4095,7,4088,3774873600,7549747200,921600,no,openpfc_slab_r2c_min_reshape_replica,n_messages=2;bytes=7549747200;n_peers=4095
106,768,528,4224,p2p_plined,1x1x4224,11x384x1,768x768x768,35x2x3244032,1,1,0,3,2,4224,4223,7,4216,3633315840,7266631680,860160,no,openpfc_slab_r2c_min_reshape_replica,n_messages=8446;bytes=7266631680;n_peers=4223
106,768,528,4224,p2p,1x1x4224,11x384x1,768x768x768,35x2x3244032,1,1,0,3,2,4224,4223,7,4216,3633315840,7266631680,860160,no,openpfc_slab_r2c_min_reshape_replica,n_messages=8446;bytes=7266631680;n_peers=4223
106,768,528,4224,alltoallv,1x1x4224,11x384x1,768x768x768,35x2x3244032,1,1,0,3,2,4224,4223,7,4216,3633315840,7266631680,860160,no,openpfc_slab_r2c_min_reshape_replica,n_messages=2;bytes=7266631680;n_peers=4223
106,768,528,4224,alltoall,1x1x4224,11x384x1,768x768x768,35x2x3244032,1,1,0,3,2,4224,4223,7,4216,3633315840,7266631680,860160,no,openpfc_slab_r2c_min_reshape_replica,n_messages=2;bytes=7266631680;n_peers=4223
