# Explanatory diagnostics at matched f; not a fitted replacement for occupancy.
family_id,content_fraction,N,dim,fd_order,energy_high_k,energy_near_cutoff,moment2_over_nyquist2,moment4_over_nyquist4,weighted_d2_defect
gaussian,1.0000000000e-01,64,3,2,2.1903975757e-153,1.2605140848e-04,1.0646285182e-03,2.0003760998e-06,1.0098790498e-05
gaussian,1.5000000000e-01,64,3,2,2.2341169773e-66,3.0115143410e-04,2.4428950284e-03,9.9465333200e-06,4.8380323309e-05
gaussian,2.0000000000e-01,64,3,2,3.5887226838e-37,4.2325033571e-04,4.3429448189e-03,3.1435282842e-05,1.5274018196e-04
gaussian,2.5000000000e-01,64,3,2,9.1231595091e-24,6.7442051338e-04,6.7858512797e-03,7.6746295985e-05,3.7240243883e-04
gaussian,3.0000000000e-01,64,3,2,1.6327875703e-16,5.5730545394e-04,9.7716258428e-03,1.5914111935e-04,7.7095337610e-04
gaussian,3.5000000000e-01,64,3,2,3.6785385226e-12,5.4685361789e-04,1.3300268508e-02,2.9482857065e-04,1.4255342511e-03
gaussian,4.0000000000e-01,64,3,2,2.3761312639e-09,5.4031945482e-04,1.7371779276e-02,5.0296452536e-04,2.4264981847e-03
gaussian,4.5000000000e-01,64,3,2,1.9559821023e-07,5.1266702764e-04,2.1986158146e-02,8.0565191673e-04,3.8770121347e-03
gaussian,5.0000000000e-01,64,3,2,4.4967117771e-06,5.2719387156e-04,2.7143405119e-02,1.2279407358e-03,5.8926043603e-03
gaussian,5.5000000000e-01,64,3,2,4.5025699913e-05,4.9625530712e-04,3.2843520194e-02,1.7978280312e-03,8.6006601567e-03
gaussian,6.0000000000e-01,64,3,2,2.5643138181e-04,5.0691065399e-04,3.9086503371e-02,2.5462579097e-03,1.2139868939e-02
gaussian,6.5000000000e-01,64,3,2,9.8270077378e-04,5.0904597893e-04,4.5872354651e-02,3.5071215354e-03,1.6659626035e-02
gaussian,7.0000000000e-01,64,3,2,2.8288989856e-03,5.1029264946e-04,5.3201074033e-02,4.7172571300e-03,2.2319392788e-02
gaussian,7.5000000000e-01,64,3,2,6.5905141384e-03,5.3351871976e-04,6.1072661503e-02,6.2164499589e-03,2.9288018746e-02
gaussian,8.0000000000e-01,64,3,2,1.3087446169e-02,5.0627874373e-04,6.9487116829e-02,8.0474320919e-03,3.7743028823e-02
gaussian,8.5000000000e-01,64,3,2,2.2987535096e-02,5.1122751573e-04,7.8444437550e-02,1.0255880064e-02,4.7869869815e-02
gaussian,9.0000000000e-01,64,3,2,3.6689078139e-02,5.1184986060e-04,8.7944606882e-02,1.2890400356e-02,5.9861068966e-02
isotropic_tophat,1.0000000000e-01,64,3,2,0.0000000000e+00,4.4897959184e-01,6.2978316327e-03,4.7255535515e-05,2.4279174774e-04
isotropic_tophat,1.5000000000e-01,64,3,2,0.0000000000e+00,4.5553145336e-01,1.3396488612e-02,2.1291968621e-04,1.0102391175e-03
isotropic_tophat,2.0000000000e-01,64,3,2,0.0000000000e+00,4.3827751196e-01,2.3230038876e-02,6.4265967556e-04,3.1953219947e-03
isotropic_tophat,2.5000000000e-01,64,3,2,0.0000000000e+00,5.0450450450e-01,3.7073257468e-02,1.6359570695e-03,7.7916790925e-03
isotropic_tophat,3.0000000000e-01,64,3,2,0.0000000000e+00,5.0227090569e-01,5.4334236408e-02,3.5131512050e-03,1.6919605420e-02
isotropic_tophat,3.5000000000e-01,64,3,2,0.0000000000e+00,4.9566842195e-01,7.3531324316e-02,6.4377594383e-03,3.0564051862e-02
isotropic_tophat,4.0000000000e-01,64,3,2,0.0000000000e+00,4.8963700905e-01,9.5619256699e-02,1.0884167361e-02,5.1556691091e-02
isotropic_tophat,4.5000000000e-01,64,3,2,0.0000000000e+00,4.8910875289e-01,1.2167331370e-01,1.7625261455e-02,8.2990205528e-02
isotropic_tophat,5.0000000000e-01,64,3,2,0.0000000000e+00,4.8861041166e-01,1.4951991348e-01,2.6612910118e-02,1.2356417984e-01
isotropic_tophat,5.5000000000e-01,64,3,2,2.5385590073e-01,4.8647703937e-01,1.8175941514e-01,3.9327565957e-02,1.8181773517e-01
isotropic_tophat,6.0000000000e-01,64,3,2,4.1960371138e-01,4.8329538116e-01,2.1491198956e-01,5.4985870054e-02,2.5103044043e-01
isotropic_tophat,6.5000000000e-01,64,3,2,5.4535289263e-01,4.8592955459e-01,2.5289269039e-01,7.6134584890e-02,3.4370812643e-01
isotropic_tophat,7.0000000000e-01,64,3,2,6.3734630168e-01,4.8796958950e-01,2.9403699809e-01,1.0292522180e-01,4.5914942509e-01
isotropic_tophat,7.5000000000e-01,64,3,2,7.0443255967e-01,4.9074891393e-01,3.3698936212e-01,1.3518960922e-01,5.9407986368e-01
isotropic_tophat,8.0000000000e-01,64,3,2,7.5714956129e-01,4.8746426997e-01,3.8415557029e-01,1.7568498880e-01,7.6269850312e-01
isotropic_tophat,8.5000000000e-01,64,3,2,7.9729842012e-01,4.8785119945e-01,4.3334420476e-01,2.2355802262e-01,9.5562495580e-01
isotropic_tophat,9.0000000000e-01,64,3,2,8.2946363482e-01,4.8851074029e-01,4.8623561502e-01,2.8145402556e-01,1.1852806868e+00
isotropic_exponential,1.0000000000e-01,64,3,2,7.3380779655e-28,1.6766927791e-04,1.4411360370e-04,2.7566532082e-07,1.4662196462e-06
isotropic_exponential,1.5000000000e-01,64,3,2,7.2606632560e-18,5.6509041520e-04,8.5022763134e-04,3.1237023855e-06,1.5377246766e-05
isotropic_exponential,2.0000000000e-01,64,3,2,5.4587254558e-13,8.5820703633e-04,2.0666723817e-03,1.3113946236e-05,6.3823471888e-05
isotropic_exponential,2.5000000000e-01,64,3,2,3.9030574227e-10,1.2424767331e-03,3.6028241461e-03,3.5491788166e-05,1.7219328237e-04
isotropic_exponential,3.0000000000e-01,64,3,2,2.8523704463e-08,1.1684942420e-03,5.4185979716e-03,7.6728747587e-05,3.7144098605e-04
isotropic_exponential,3.5000000000e-01,64,3,2,5.7898335638e-07,1.1788997330e-03,7.5206806160e-03,1.4486522001e-04,6.9967270708e-04
isotropic_exponential,4.0000000000e-01,64,3,2,5.3351511911e-06,1.1774935898e-03,9.9187063775e-03,2.4948665642e-04,1.2018623528e-03
isotropic_exponential,4.5000000000e-01,64,3,2,2.9213355621e-05,1.1502528914e-03,1.2619255337e-02,4.0168804617e-04,1.9294526275e-03
isotropic_exponential,5.0000000000e-01,64,3,2,1.1152779248e-04,1.1726992061e-03,1.5626403525e-02,6.1405806567e-04,2.9400197551e-03
isotropic_exponential,5.5000000000e-01,64,3,2,3.2834802642e-04,1.1360917205e-03,1.8942671861e-02,9.0067213118e-04,4.2969548387e-03
isotropic_exponential,6.0000000000e-01,64,3,2,7.9689329681e-04,1.1504622839e-03,2.2569652748e-02,1.2770865502e-03,6.0691265106e-03
isotropic_exponential,6.5000000000e-01,64,3,2,1.6691430968e-03,1.1543864871e-03,2.6508369435e-02,1.7603250954e-03,8.3304869953e-03
isotropic_exponential,7.0000000000e-01,64,3,2,3.1170631682e-03,1.1562360243e-03,3.0759462789e-02,2.3688432678e-03,1.1159559488e-02
isotropic_exponential,7.5000000000e-01,64,3,2,5.3143983987e-03,1.1849342465e-03,3.5323258332e-02,3.1224478785e-03,1.4638717450e-02
isotropic_exponential,8.0000000000e-01,64,3,2,8.4196712825e-03,1.1508874196e-03,4.0199736342e-02,4.0421454115e-03,1.8853159089e-02
isotropic_exponential,8.5000000000e-01,64,3,2,1.2563278390e-02,1.1556962195e-03,4.5388416125e-02,5.1498958400e-03,2.3889507213e-02
isotropic_exponential,9.0000000000e-01,64,3,2,1.7839717485e-02,1.1523951975e-03,5.0888166706e-02,6.4682596858e-03,2.9834022802e-02
separable_exponential,1.0000000000e-01,64,3,2,3.8243235235e-31,1.4400613126e-05,8.0262380617e-05,9.5560030384e-08,7.4045337361e-07
separable_exponential,1.5000000000e-01,64,3,2,1.4003769079e-20,5.7137849926e-05,3.6993273286e-04,7.2619637267e-07,5.1484068843e-06
separable_exponential,2.0000000000e-01,64,3,2,2.3877380974e-15,2.0989693601e-05,8.6483689757e-04,2.8390815745e-06,1.8959547771e-05
separable_exponential,2.5000000000e-01,64,3,2,3.0566518061e-12,3.6673252957e-05,1.5414373102e-03,7.8413871571e-06,5.0630537835e-05
separable_exponential,3.0000000000e-01,64,3,2,3.4560848411e-10,5.3482858528e-05,2.3875837408e-03,1.7533107731e-05,1.1095863205e-04
separable_exponential,3.5000000000e-01,64,3,2,9.8953663827e-09,7.3600907635e-05,3.3975598947e-03,3.4100364886e-05,2.1299008664e-04
separable_exponential,4.0000000000e-01,64,3,2,1.2110944595e-07,4.7036683262e-05,4.5685424315e-03,6.0119013742e-05,3.7198564691e-04
separable_exponential,4.5000000000e-01,64,3,2,8.4560125806e-07,5.1441218830e-05,5.8990407358e-03,9.8557266030e-05,6.0537582743e-04
separable_exponential,5.0000000000e-01,64,3,2,3.9984255111e-06,6.2688439521e-05,7.3882172465e-03,1.5277706227e-04,9.3270257239e-04
separable_exponential,5.5000000000e-01,64,3,2,1.4264296998e-05,5.4920040410e-05,9.0355751832e-03,2.2653473274e-04,1.3755500306e-03
separable_exponential,6.0000000000e-01,64,3,2,4.1226446045e-05,5.2099926757e-05,1.0840805764e-02,3.2398113719e-04,1.9574657630e-03
separable_exponential,6.5000000000e-01,64,3,2,1.0135763870e-04,5.8042706292e-05,1.2803708359e-02,4.4966092510e-04,2.7038708557e-03
separable_exponential,7.0000000000e-01,64,3,2,2.1943063228e-04,6.5533378055e-05,1.4924144838e-02,6.0850972076e-04,3.6419529645e-03
separable_exponential,7.5000000000e-01,64,3,2,4.2897379334e-04,5.7603076401e-05,1.7202008800e-02,8.0584696537e-04,4.8005307753e-03
separable_exponential,8.0000000000e-01,64,3,2,7.7165575313e-04,5.6919745804e-05,1.9637198646e-02,1.0473612022e-03,6.2098738770e-03
separable_exponential,8.5000000000e-01,64,3,2,1.2957194716e-03,6.1158781572e-05,2.2229587629e-02,1.3390842461e-03,7.9014612243e-03
separable_exponential,9.0000000000e-01,64,3,2,2.0537400289e-03,6.2019739464e-05,2.4978986801e-02,1.6873512245e-03,9.9076655955e-03
