# Equal-accuracy ranking using admitted Heat3D per-step costs (N^3, fixed step count). row_kind=order is one stencil; row_kind=cheapest is the winner (fd_order 0 = spectral).
row_kind,family_id,hardware,target_l2,fd_order,content_fraction,relative_cost,beats_spectral
order,gaussian,lumi-g,1.0000000000e-02,2,8.5222275898e-01,5.0851919976e-02,yes
order,gaussian,lumi-g,1.0000000000e-02,4,1.0000000000e+00,5.3596483023e-02,yes
order,gaussian,lumi-g,1.0000000000e-02,6,1.0000000000e+00,7.0199233000e-02,yes
order,gaussian,lumi-g,1.0000000000e-02,8,1.0000000000e+00,8.7176129455e-02,yes
order,gaussian,lumi-g,1.0000000000e-02,12,1.0000000000e+00,1.1547095688e-01,yes
cheapest,gaussian,lumi-g,1.0000000000e-02,2,8.5222275898e-01,5.0851919976e-02,yes
order,gaussian,lumi-g,1.0000000000e-03,2,2.6517161321e-01,1.6880513238e+00,no
order,gaussian,lumi-g,1.0000000000e-03,4,6.7554051345e-01,1.7385296171e-01,yes
order,gaussian,lumi-g,1.0000000000e-03,6,8.7836551030e-01,1.0358730718e-01,yes
order,gaussian,lumi-g,1.0000000000e-03,8,9.8899873941e-01,9.0117755950e-02,yes
order,gaussian,lumi-g,1.0000000000e-03,12,1.0000000000e+00,1.1547095688e-01,yes
cheapest,gaussian,lumi-g,1.0000000000e-03,8,9.8899873941e-01,9.0117755950e-02,yes
order,gaussian,lumi-g,1.0000000000e-04,2,8.3731039729e-02,5.3617589667e+01,no
order,gaussian,lumi-g,1.0000000000e-04,4,3.7033997981e-01,1.0551993057e+00,no
order,gaussian,lumi-g,1.0000000000e-04,6,5.6785690646e-01,3.8336779812e-01,yes
order,gaussian,lumi-g,1.0000000000e-04,8,6.8823263277e-01,2.6741871638e-01,yes
order,gaussian,lumi-g,1.0000000000e-04,12,8.1889292702e-01,2.1027682197e-01,yes
cheapest,gaussian,lumi-g,1.0000000000e-04,12,8.1889292702e-01,2.1027682197e-01,yes
order,gaussian,lumi-g,1.0000000000e-05,2,2.6474210633e-02,1.6962805387e+03,no
order,gaussian,lumi-g,1.0000000000e-05,4,2.0658163231e-01,6.0794064283e+00,no
order,gaussian,lumi-g,1.0000000000e-05,6,3.7807856387e-01,1.2989313633e+00,no
order,gaussian,lumi-g,1.0000000000e-05,8,4.9718321544e-01,7.0932980165e-01,yes
order,gaussian,lumi-g,1.0000000000e-05,12,6.3723093770e-01,4.4625408692e-01,yes
cheapest,gaussian,lumi-g,1.0000000000e-05,12,6.3723093770e-01,4.4625408692e-01,yes
order,gaussian,lumi-g,1.0000000000e-06,2,8.3717582596e-03,5.3643450006e+04,no
order,gaussian,lumi-g,1.0000000000e-06,4,1.1587170618e-01,3.4451178819e+01,no
order,gaussian,lumi-g,1.0000000000e-06,6,2.5492076636e-01,4.2375683946e+00,no
order,gaussian,lumi-g,1.0000000000e-06,8,3.6549707197e-01,1.7854425331e+00,no
order,gaussian,lumi-g,1.0000000000e-06,12,5.0714492427e-01,8.8527156531e-01,yes
cheapest,gaussian,lumi-g,1.0000000000e-06,12,5.0714492427e-01,8.8527156531e-01,yes
order,gaussian,lumi-g,1.0000000000e-08,2,1.0000000000e-03,3.1475072491e+07,no
order,gaussian,lumi-g,1.0000000000e-08,4,3.6602670459e-02,1.0929441679e+03,no
order,gaussian,lumi-g,1.0000000000e-08,6,1.1750574519e-01,4.3266828681e+01,no
order,gaussian,lumi-g,1.0000000000e-08,8,2.0211304429e-01,1.0558799714e+01,no
order,gaussian,lumi-g,1.0000000000e-08,12,3.3246709875e-01,3.1421487731e+00,no
cheapest,gaussian,lumi-g,1.0000000000e-08,0,1.0000000000e+00,1.0000000000e+00,no
order,gaussian,lumi-c,1.0000000000e-02,2,8.5222275898e-01,1.6630911173e-01,yes
order,gaussian,lumi-c,1.0000000000e-02,8,1.0000000000e+00,2.7004408794e-01,yes
order,gaussian,lumi-c,1.0000000000e-02,12,1.0000000000e+00,3.2501104008e-01,yes
cheapest,gaussian,lumi-c,1.0000000000e-02,2,8.5222275898e-01,1.6630911173e-01,yes
order,gaussian,lumi-c,1.0000000000e-03,2,2.6517161321e-01,5.5207023913e+00,no
order,gaussian,lumi-c,1.0000000000e-03,8,9.8899873941e-01,2.7915631682e-01,yes
order,gaussian,lumi-c,1.0000000000e-03,12,1.0000000000e+00,3.2501104008e-01,yes
cheapest,gaussian,lumi-c,1.0000000000e-03,8,9.8899873941e-01,2.7915631682e-01,yes
order,gaussian,lumi-c,1.0000000000e-04,2,8.3731039729e-02,1.7535412065e+02,no
order,gaussian,lumi-c,1.0000000000e-04,8,6.8823263277e-01,8.2837863778e-01,yes
order,gaussian,lumi-c,1.0000000000e-04,12,8.1889292702e-01,5.9185695227e-01,yes
cheapest,gaussian,lumi-c,1.0000000000e-04,12,8.1889292702e-01,5.9185695227e-01,yes
order,gaussian,lumi-c,1.0000000000e-05,2,2.6474210633e-02,5.5476157000e+03,no
order,gaussian,lumi-c,1.0000000000e-05,8,4.9718321544e-01,2.1972794679e+00,no
order,gaussian,lumi-c,1.0000000000e-05,12,6.3723093770e-01,1.2560518147e+00,no
cheapest,gaussian,lumi-c,1.0000000000e-05,0,1.0000000000e+00,1.0000000000e+00,no
order,gaussian,lumi-c,1.0000000000e-06,2,8.3717582596e-03,1.7543869582e+05,no
order,gaussian,lumi-c,1.0000000000e-06,8,3.6549707197e-01,5.5307364921e+00,no
order,gaussian,lumi-c,1.0000000000e-06,12,5.0714492427e-01,2.4917350646e+00,no
cheapest,gaussian,lumi-c,1.0000000000e-06,0,1.0000000000e+00,1.0000000000e+00,no
order,gaussian,lumi-c,1.0000000000e-08,2,1.0000000000e-03,1.0293792939e+08,no
order,gaussian,lumi-c,1.0000000000e-08,8,2.0211304429e-01,3.2707823304e+01,no
order,gaussian,lumi-c,1.0000000000e-08,12,3.3246709875e-01,8.8440683999e+00,no
cheapest,gaussian,lumi-c,1.0000000000e-08,0,1.0000000000e+00,1.0000000000e+00,no
order,isotropic_tophat,lumi-g,1.0000000000e-02,2,2.9470843838e-01,1.2296712677e+00,no
order,isotropic_tophat,lumi-g,1.0000000000e-02,4,5.8901508937e-01,2.6227508134e-01,yes
order,isotropic_tophat,lumi-g,1.0000000000e-02,6,7.2998080271e-01,1.8046710431e-01,yes
order,isotropic_tophat,lumi-g,1.0000000000e-02,8,8.1377037438e-01,1.6176775460e-01,yes
order,isotropic_tophat,lumi-g,1.0000000000e-02,12,8.9499743472e-01,1.6106730540e-01,yes
cheapest,isotropic_tophat,lumi-g,1.0000000000e-02,12,8.9499743472e-01,1.6106730540e-01,yes
order,isotropic_tophat,lumi-g,1.0000000000e-03,2,9.3345694409e-02,3.8697585331e+01,no
order,isotropic_tophat,lumi-g,1.0000000000e-03,4,3.2544850213e-01,1.5548534487e+00,no
order,isotropic_tophat,lumi-g,1.0000000000e-03,6,4.6948290830e-01,6.7837995745e-01,yes
order,isotropic_tophat,lumi-g,1.0000000000e-03,8,5.6407607482e-01,4.8571838689e-01,yes
order,isotropic_tophat,lumi-g,1.0000000000e-03,12,6.7814197865e-01,3.7026347897e-01,yes
cheapest,isotropic_tophat,lumi-g,1.0000000000e-03,12,6.7814197865e-01,3.7026347897e-01,yes
order,isotropic_tophat,lumi-g,1.0000000000e-04,2,2.9484029484e-02,1.2280222299e+03,no
order,isotropic_tophat,lumi-g,1.0000000000e-04,4,1.8034396975e-01,9.1375847255e+00,no
order,isotropic_tophat,lumi-g,1.0000000000e-04,6,3.1298860553e-01,2.2895323564e+00,no
order,isotropic_tophat,lumi-g,1.0000000000e-04,8,4.1522739927e-01,1.2176979451e+00,no
order,isotropic_tophat,lumi-g,1.0000000000e-04,12,5.4734520813e-01,7.0418829804e-01,yes
cheapest,isotropic_tophat,lumi-g,1.0000000000e-04,12,5.4734520813e-01,7.0418829804e-01,yes
order,isotropic_tophat,lumi-g,1.0000000000e-05,2,9.3167701859e-03,3.8919799117e+04,no
order,isotropic_tophat,lumi-g,1.0000000000e-05,4,1.0118987041e-01,5.1727938777e+01,no
order,isotropic_tophat,lumi-g,1.0000000000e-05,6,2.1198326269e-01,7.3693239868e+00,no
order,isotropic_tophat,lumi-g,1.0000000000e-05,8,3.0413812651e-01,3.0987388972e+00,no
order,isotropic_tophat,lumi-g,1.0000000000e-05,12,4.3153735620e-01,1.4368703233e+00,no
cheapest,isotropic_tophat,lumi-g,1.0000000000e-05,0,1.0000000000e+00,1.0000000000e+00,no
order,isotropic_tophat,lumi-g,1.0000000000e-06,2,2.9455081001e-03,1.2316464939e+06,no
order,isotropic_tophat,lumi-g,1.0000000000e-06,4,5.6799974428e-02,2.9247710266e+02,no
order,isotropic_tophat,lumi-g,1.0000000000e-06,6,1.4384578540e-01,2.3585274845e+01,no
order,isotropic_tophat,lumi-g,1.0000000000e-06,8,2.2528750112e-01,7.6240597143e+00,no
order,isotropic_tophat,lumi-g,1.0000000000e-06,12,3.4875873188e-01,2.7220587553e+00,no
cheapest,isotropic_tophat,lumi-g,1.0000000000e-06,0,1.0000000000e+00,1.0000000000e+00,no
order,isotropic_tophat,lumi-g,1.0000000000e-08,2,1.0000000000e-03,3.1475072491e+07,no
order,isotropic_tophat,lumi-g,1.0000000000e-08,4,1.7991004497e-02,9.2038611034e+03,no
order,isotropic_tophat,lumi-g,1.0000000000e-08,6,6.7271478094e-02,2.3058946231e+02,no
order,isotropic_tophat,lumi-g,1.0000000000e-08,8,1.2586506222e-01,4.3720185732e+01,no
order,isotropic_tophat,lumi-g,1.0000000000e-08,12,2.3395240501e-01,9.0175845402e+00,no
cheapest,isotropic_tophat,lumi-g,1.0000000000e-08,0,1.0000000000e+00,1.0000000000e+00,no
order,isotropic_tophat,lumi-c,1.0000000000e-02,2,2.9470843838e-01,4.0215892802e+00,no
order,isotropic_tophat,lumi-c,1.0000000000e-02,8,8.1377037438e-01,5.0110536018e-01,yes
order,isotropic_tophat,lumi-c,1.0000000000e-02,12,8.9499743472e-01,4.5334908332e-01,yes
cheapest,isotropic_tophat,lumi-c,1.0000000000e-02,12,8.9499743472e-01,4.5334908332e-01,yes
order,isotropic_tophat,lumi-c,1.0000000000e-03,2,9.3345694409e-02,1.2655886043e+02,no
order,isotropic_tophat,lumi-c,1.0000000000e-03,8,5.6407607482e-01,1.5046020006e+00,no
order,isotropic_tophat,lumi-c,1.0000000000e-03,12,6.7814197865e-01,1.0421643819e+00,no
cheapest,isotropic_tophat,lumi-c,1.0000000000e-03,0,1.0000000000e+00,1.0000000000e+00,no
order,isotropic_tophat,lumi-c,1.0000000000e-04,2,2.9484029484e-02,4.0161961699e+03,no
order,isotropic_tophat,lumi-c,1.0000000000e-04,8,4.1522739927e-01,3.7720432535e+00,no
order,isotropic_tophat,lumi-c,1.0000000000e-04,12,5.4734520813e-01,1.9820479309e+00,no
cheapest,isotropic_tophat,lumi-c,1.0000000000e-04,0,1.0000000000e+00,1.0000000000e+00,no
order,isotropic_tophat,lumi-c,1.0000000000e-05,2,9.3167701859e-03,1.2728560147e+05,no
order,isotropic_tophat,lumi-c,1.0000000000e-05,8,3.0413812651e-01,9.5989134240e+00,no
order,isotropic_tophat,lumi-c,1.0000000000e-05,12,4.3153735620e-01,4.0442959065e+00,no
cheapest,isotropic_tophat,lumi-c,1.0000000000e-05,0,1.0000000000e+00,1.0000000000e+00,no
order,isotropic_tophat,lumi-c,1.0000000000e-06,2,2.9455081001e-03,4.0280491762e+06,no
order,isotropic_tophat,lumi-c,1.0000000000e-06,8,2.2528750112e-01,2.3616926616e+01,no
order,isotropic_tophat,lumi-c,1.0000000000e-06,12,3.4875873188e-01,7.6616594434e+00,no
cheapest,isotropic_tophat,lumi-c,1.0000000000e-06,0,1.0000000000e+00,1.0000000000e+00,no
order,isotropic_tophat,lumi-c,1.0000000000e-08,2,1.0000000000e-03,1.0293792939e+08,no
order,isotropic_tophat,lumi-c,1.0000000000e-08,8,1.2586506222e-01,1.3543131307e+02,no
order,isotropic_tophat,lumi-c,1.0000000000e-08,12,2.3395240501e-01,2.5381399875e+01,no
cheapest,isotropic_tophat,lumi-c,1.0000000000e-08,0,1.0000000000e+00,1.0000000000e+00,no
order,isotropic_exponential,lumi-g,1.0000000000e-02,2,9.9451162782e-01,3.1999054291e-02,yes
order,isotropic_exponential,lumi-g,1.0000000000e-02,4,1.0000000000e+00,5.3596483023e-02,yes
order,isotropic_exponential,lumi-g,1.0000000000e-02,6,1.0000000000e+00,7.0199233000e-02,yes
order,isotropic_exponential,lumi-g,1.0000000000e-02,8,1.0000000000e+00,8.7176129455e-02,yes
order,isotropic_exponential,lumi-g,1.0000000000e-02,12,1.0000000000e+00,1.1547095688e-01,yes
cheapest,isotropic_exponential,lumi-g,1.0000000000e-02,2,9.9451162782e-01,3.1999054291e-02,yes
order,isotropic_exponential,lumi-g,1.0000000000e-03,2,3.0578268853e-01,1.1008497666e+00,no
order,isotropic_exponential,lumi-g,1.0000000000e-03,4,6.7527137678e-01,1.7406091747e-01,yes
order,isotropic_exponential,lumi-g,1.0000000000e-03,6,8.3543974079e-01,1.2038904692e-01,yes
order,isotropic_exponential,lumi-g,1.0000000000e-03,8,9.3147808650e-01,1.0786477844e-01,yes
order,isotropic_exponential,lumi-g,1.0000000000e-03,12,1.0000000000e+00,1.1547095688e-01,yes
cheapest,isotropic_exponential,lumi-g,1.0000000000e-03,8,9.3147808650e-01,1.0786477844e-01,yes
order,isotropic_exponential,lumi-g,1.0000000000e-04,2,9.6573406845e-02,3.4945727161e+01,no
order,isotropic_exponential,lumi-g,1.0000000000e-04,4,3.6626928082e-01,1.0907740700e+00,no
order,isotropic_exponential,lumi-g,1.0000000000e-04,6,5.2432080782e-01,4.8701359819e-01,yes
order,isotropic_exponential,lumi-g,1.0000000000e-04,8,6.1079822510e-01,3.8256416206e-01,yes
order,isotropic_exponential,lumi-g,1.0000000000e-04,12,7.0012216346e-01,3.3647382586e-01,yes
cheapest,isotropic_exponential,lumi-g,1.0000000000e-04,12,7.0012216346e-01,3.3647382586e-01,yes
order,isotropic_exponential,lumi-g,1.0000000000e-05,2,3.0537835474e-02,1.1052282730e+03,no
order,isotropic_exponential,lumi-g,1.0000000000e-05,4,2.0348388114e-01,6.3613055272e+00,no
order,isotropic_exponential,lumi-g,1.0000000000e-05,6,3.4532667755e-01,1.7046765085e+00,no
order,isotropic_exponential,lumi-g,1.0000000000e-05,8,4.3379773776e-01,1.0679126580e+00,no
order,isotropic_exponential,lumi-g,1.0000000000e-05,12,5.2757592948e-01,7.8635354046e-01,yes
cheapest,isotropic_exponential,lumi-g,1.0000000000e-05,12,5.2757592948e-01,7.8635354046e-01,yes
order,isotropic_exponential,lumi-g,1.0000000000e-06,2,9.6567443743e-03,3.4952201325e+04,no
order,isotropic_exponential,lumi-g,1.0000000000e-06,4,1.1396392114e-01,3.6210468332e+01,no
order,isotropic_exponential,lumi-g,1.0000000000e-06,6,2.3157830653e-01,5.6524762450e+00,no
order,isotropic_exponential,lumi-g,1.0000000000e-06,8,3.1571869158e-01,2.7701079896e+00,no
order,isotropic_exponential,lumi-g,1.0000000000e-06,12,4.1272279743e-01,1.6424697856e+00,no
cheapest,isotropic_exponential,lumi-g,1.0000000000e-06,0,1.0000000000e+00,1.0000000000e+00,no
order,isotropic_exponential,lumi-g,1.0000000000e-08,2,1.0000000000e-03,3.1475072491e+07,no
order,isotropic_exponential,lumi-g,1.0000000000e-08,4,3.5979248031e-02,1.1507475144e+03,no
order,isotropic_exponential,lumi-g,1.0000000000e-08,6,1.0634431087e-01,5.8369985194e+01,no
order,isotropic_exponential,lumi-g,1.0000000000e-08,8,1.7305094096e-01,1.6821924813e+01,no
order,isotropic_exponential,lumi-g,1.0000000000e-08,12,2.6532500860e-01,6.1821310028e+00,no
cheapest,isotropic_exponential,lumi-g,1.0000000000e-08,0,1.0000000000e+00,1.0000000000e+00,no
order,isotropic_exponential,lumi-c,1.0000000000e-02,2,9.9451162782e-01,1.0465159030e-01,yes
order,isotropic_exponential,lumi-c,1.0000000000e-02,8,1.0000000000e+00,2.7004408794e-01,yes
order,isotropic_exponential,lumi-c,1.0000000000e-02,12,1.0000000000e+00,3.2501104008e-01,yes
cheapest,isotropic_exponential,lumi-c,1.0000000000e-02,2,9.9451162782e-01,1.0465159030e-01,yes
order,isotropic_exponential,lumi-c,1.0000000000e-03,2,3.0578268853e-01,3.6002838617e+00,no
order,isotropic_exponential,lumi-c,1.0000000000e-03,8,9.3147808650e-01,3.3413098170e-01,yes
order,isotropic_exponential,lumi-c,1.0000000000e-03,12,1.0000000000e+00,3.2501104008e-01,yes
cheapest,isotropic_exponential,lumi-c,1.0000000000e-03,12,1.0000000000e+00,3.2501104008e-01,yes
order,isotropic_exponential,lumi-c,1.0000000000e-04,2,9.6573406845e-02,1.1428856267e+02,no
order,isotropic_exponential,lumi-c,1.0000000000e-04,8,6.1079822510e-01,1.1850628248e+00,no
order,isotropic_exponential,lumi-c,1.0000000000e-04,12,7.0012216346e-01,9.4705812664e-01,yes
cheapest,isotropic_exponential,lumi-c,1.0000000000e-04,12,7.0012216346e-01,9.4705812664e-01,yes
order,isotropic_exponential,lumi-c,1.0000000000e-05,2,3.0537835474e-02,3.6146035870e+03,no
order,isotropic_exponential,lumi-c,1.0000000000e-05,8,4.3379773776e-01,3.3080557892e+00,no
order,isotropic_exponential,lumi-c,1.0000000000e-05,12,5.2757592948e-01,2.2133148366e+00,no
cheapest,isotropic_exponential,lumi-c,1.0000000000e-05,0,1.0000000000e+00,1.0000000000e+00,no
order,isotropic_exponential,lumi-c,1.0000000000e-06,2,9.6567443743e-03,1.1430973616e+05,no
order,isotropic_exponential,lumi-c,1.0000000000e-06,8,3.1571869158e-01,8.5809187701e+00,no
order,isotropic_exponential,lumi-c,1.0000000000e-06,12,4.1272279743e-01,4.6229876998e+00,no
cheapest,isotropic_exponential,lumi-c,1.0000000000e-06,0,1.0000000000e+00,1.0000000000e+00,no
order,isotropic_exponential,lumi-c,1.0000000000e-08,2,1.0000000000e-03,1.0293792939e+08,no
order,isotropic_exponential,lumi-c,1.0000000000e-08,8,1.7305094096e-01,5.2109004748e+01,no
order,isotropic_exponential,lumi-c,1.0000000000e-08,12,2.6532500860e-01,1.7400573109e+01,no
cheapest,isotropic_exponential,lumi-c,1.0000000000e-08,0,1.0000000000e+00,1.0000000000e+00,no
order,separable_exponential,lumi-g,1.0000000000e-02,2,1.0000000000e+00,3.1475072491e-02,yes
order,separable_exponential,lumi-g,1.0000000000e-02,4,1.0000000000e+00,5.3596483023e-02,yes
order,separable_exponential,lumi-g,1.0000000000e-02,6,1.0000000000e+00,7.0199233000e-02,yes
order,separable_exponential,lumi-g,1.0000000000e-02,8,1.0000000000e+00,8.7176129455e-02,yes
order,separable_exponential,lumi-g,1.0000000000e-02,12,1.0000000000e+00,1.1547095688e-01,yes
cheapest,separable_exponential,lumi-g,1.0000000000e-02,2,1.0000000000e+00,3.1475072491e-02,yes
order,separable_exponential,lumi-g,1.0000000000e-03,2,4.4828991558e-01,3.4937339560e-01,yes
order,separable_exponential,lumi-g,1.0000000000e-03,4,8.5296560667e-01,8.6365786595e-02,yes
order,separable_exponential,lumi-g,1.0000000000e-03,6,1.0000000000e+00,7.0199233000e-02,yes
order,separable_exponential,lumi-g,1.0000000000e-03,8,1.0000000000e+00,8.7176129455e-02,yes
order,separable_exponential,lumi-g,1.0000000000e-03,12,1.0000000000e+00,1.1547095688e-01,yes
cheapest,separable_exponential,lumi-g,1.0000000000e-03,6,1.0000000000e+00,7.0199233000e-02,yes
order,separable_exponential,lumi-g,1.0000000000e-04,2,1.4122220946e-01,1.1175262505e+01,no
order,separable_exponential,lumi-g,1.0000000000e-04,4,4.5449311763e-01,5.7089252828e-01,yes
order,separable_exponential,lumi-g,1.0000000000e-04,6,6.1991745375e-01,2.9466650690e-01,yes
order,separable_exponential,lumi-g,1.0000000000e-04,8,7.0859880230e-01,2.4501706937e-01,yes
order,separable_exponential,lumi-g,1.0000000000e-04,12,8.0466660693e-01,2.2162810256e-01,yes
cheapest,separable_exponential,lumi-g,1.0000000000e-04,12,8.0466660693e-01,2.2162810256e-01,yes
order,separable_exponential,lumi-g,1.0000000000e-05,2,4.4639747011e-02,3.5383563197e+02,no
order,separable_exponential,lumi-g,1.0000000000e-05,4,2.5136053233e-01,3.3747766075e+00,no
order,separable_exponential,lumi-g,1.0000000000e-05,6,4.0469134779e-01,1.0591576538e+00,no
order,separable_exponential,lumi-g,1.0000000000e-05,8,4.9610663535e-01,7.1395769001e-01,yes
order,separable_exponential,lumi-g,1.0000000000e-05,12,5.9067349342e-01,5.6031250869e-01,yes
cheapest,separable_exponential,lumi-g,1.0000000000e-05,12,5.9067349342e-01,5.6031250869e-01,yes
order,separable_exponential,lumi-g,1.0000000000e-06,2,1.4115529865e-02,1.1191162021e+04,no
order,separable_exponential,lumi-g,1.0000000000e-06,4,1.4055128380e-01,1.9303312520e+01,no
order,separable_exponential,lumi-g,1.0000000000e-06,6,2.7022129946e-01,3.5577352982e+00,no
order,separable_exponential,lumi-g,1.0000000000e-06,8,3.5889619391e-01,1.8857799972e+00,no
order,separable_exponential,lumi-g,1.0000000000e-06,12,4.5784082774e-01,1.2031761389e+00,no
cheapest,separable_exponential,lumi-g,1.0000000000e-06,0,1.0000000000e+00,1.0000000000e+00,no
order,separable_exponential,lumi-g,1.0000000000e-08,2,1.4116144720e-03,1.1189699731e+07,no
order,separable_exponential,lumi-g,1.0000000000e-08,4,4.4346124833e-02,6.1456704294e+02,no
order,separable_exponential,lumi-g,1.0000000000e-08,6,1.2375108782e-01,3.7041220774e+01,no
order,separable_exponential,lumi-g,1.0000000000e-08,8,1.9564465884e-01,1.1641088603e+01,no
order,separable_exponential,lumi-g,1.0000000000e-08,12,2.9165498846e-01,4.6544089362e+00,no
cheapest,separable_exponential,lumi-g,1.0000000000e-08,0,1.0000000000e+00,1.0000000000e+00,no
order,separable_exponential,lumi-c,1.0000000000e-02,2,1.0000000000e+00,1.0293792939e-01,yes
order,separable_exponential,lumi-c,1.0000000000e-02,8,1.0000000000e+00,2.7004408794e-01,yes
order,separable_exponential,lumi-c,1.0000000000e-02,12,1.0000000000e+00,3.2501104008e-01,yes
cheapest,separable_exponential,lumi-c,1.0000000000e-02,2,1.0000000000e+00,1.0293792939e-01,yes
order,separable_exponential,lumi-c,1.0000000000e-03,2,4.4828991558e-01,1.1426113136e+00,no
order,separable_exponential,lumi-c,1.0000000000e-03,8,1.0000000000e+00,2.7004408794e-01,yes
order,separable_exponential,lumi-c,1.0000000000e-03,12,1.0000000000e+00,3.2501104008e-01,yes
cheapest,separable_exponential,lumi-c,1.0000000000e-03,8,1.0000000000e+00,2.7004408794e-01,yes
order,separable_exponential,lumi-c,1.0000000000e-04,2,1.4122220946e-01,3.6548236164e+01,no
order,separable_exponential,lumi-c,1.0000000000e-04,8,7.0859880230e-01,7.5898541773e-01,yes
order,separable_exponential,lumi-c,1.0000000000e-04,12,8.0466660693e-01,6.2380690410e-01,yes
cheapest,separable_exponential,lumi-c,1.0000000000e-04,12,8.0466660693e-01,6.2380690410e-01,yes
order,separable_exponential,lumi-c,1.0000000000e-05,2,4.4639747011e-02,1.1572048741e+03,no
order,separable_exponential,lumi-c,1.0000000000e-05,8,4.9610663535e-01,2.2116152029e+00,no
order,separable_exponential,lumi-c,1.0000000000e-05,12,5.9067349342e-01,1.5770870541e+00,no
cheapest,separable_exponential,lumi-c,1.0000000000e-05,0,1.0000000000e+00,1.0000000000e+00,no
order,separable_exponential,lumi-c,1.0000000000e-06,2,1.4115529865e-02,3.6600234876e+04,no
order,separable_exponential,lumi-c,1.0000000000e-06,8,3.5889619391e-01,5.8415502339e+00,no
order,separable_exponential,lumi-c,1.0000000000e-06,12,4.5784082774e-01,3.3865271310e+00,no
cheapest,separable_exponential,lumi-c,1.0000000000e-06,0,1.0000000000e+00,1.0000000000e+00,no
order,separable_exponential,lumi-c,1.0000000000e-08,2,1.4116144720e-03,3.6595452515e+07,no
order,separable_exponential,lumi-c,1.0000000000e-08,8,1.9564465884e-01,3.6060412111e+01,no
order,separable_exponential,lumi-c,1.0000000000e-08,12,2.9165498846e-01,1.3100560784e+01,no
cheapest,separable_exponential,lumi-c,1.0000000000e-08,0,1.0000000000e+00,1.0000000000e+00,no
