step,J,J_tensor,J_volume,J_reg,volume,grad_rms,step_rms,grey,perimeter,C11,C12,ms
0,7.7385,7.73453,0.0025,0.00146752,0.5,1.09721,0.0383122,1,0.0187621,0.761464,0.325939,1061.55
1,6.62243,6.62092,1.10934e-31,0.00150847,0.5,1.00034,0.0359227,1,0.0191752,0.694674,0.297252,1012.97
2,6.57913,6.57761,7.88861e-31,0.00151646,0.5,1.00038,0.0357318,1,0.0201243,0.692168,0.296128,1018.79
3,6.53372,6.5322,3.7286e-31,0.00152358,0.5,1.00042,0.035531,1,0.0211628,0.689545,0.294947,1039.64
4,6.48597,6.48444,2.77334e-32,0.00152974,0.5,1.00046,0.0353201,1,0.0222967,0.686793,0.293703,1052.91
5,6.4356,6.43406,4.43734e-31,0.00153485,0.5,1.00051,0.0350992,1,0.0235324,0.683895,0.292388,1073.42
6,6.38234,6.3808,5.96576e-30,0.00153883,0.5,1.00057,0.0348682,1,0.0248762,0.680835,0.290995,1095.36
7,6.32587,6.32432,0,0.00154159,0.5,1.00063,0.0346272,1,0.0263346,0.677595,0.289515,1090.64
8,6.26586,6.26432,1.35894e-30,0.00154303,0.5,1.00069,0.0343765,1,0.0279143,0.674154,0.287937,1135.36
9,6.20196,6.20042,4.93038e-32,0.00154309,0.5,1.00076,0.0341162,1,0.0296222,0.670491,0.28625,1170.85
10,6.13378,6.13224,4.93038e-32,0.00154169,0.5,1.00083,0.0338466,1,0.0314655,0.66658,0.284444,1177.86
11,6.06093,6.05939,4.93038e-32,0.00153877,0.5,1.00091,0.0335684,1,0.0334515,0.662397,0.282505,1176.48
12,5.98297,5.98143,4.43734e-31,0.0015343,0.5,1.001,0.0332819,1,0.0355878,0.657913,0.280419,1218.48
13,5.89945,5.89793,3.08149e-31,0.00152827,0.5,1.00108,0.0329879,1,0.037882,0.653096,0.278171,1251.64
14,5.80992,5.8084,1.10934e-29,0.0015207,0.5,1.00118,0.0326872,1,0.040342,0.647914,0.275744,1258.38
15,5.71388,5.71237,3.08149e-33,0.00151166,0.5,1.00127,0.0323805,1,0.0429757,0.64233,0.27312,1301.96
16,5.61085,5.60935,3.15544e-30,0.00150126,0.5,1.00136,0.032069,1,0.0457905,0.636305,0.270282,1320.63
17,5.50033,5.49884,4.93038e-32,0.00148968,0.5,1.00145,0.0317537,0.999947,0.0487937,0.629799,0.267207,1343.65
18,5.38183,5.38035,9.98402e-31,0.00147717,0.5,1.00154,0.0314358,0.996487,0.0519918,0.622765,0.263874,1378.87
19,5.25486,5.2534,2.77334e-32,0.00146404,0.5,1.00162,0.0311164,0.985523,0.0553906,0.615156,0.26026,1410.83
20,5.11898,5.11753,1.97215e-31,0.00145072,0.5,1.0017,0.0307969,0.969654,0.0589944,0.606923,0.256341,1424.6
21,4.97377,4.97233,8.33234e-30,0.00143772,0.5,1.00176,0.0304786,0.952019,0.0628056,0.59801,0.25209,1471.78
22,4.81887,4.81744,2.41589e-30,0.00142566,0.5,1.0018,0.0301626,0.934067,0.0668245,0.588363,0.24748,1507.44
23,4.65424,4.65282,4.62466e-26,0.00141525,0.5,1.00182,0.0298501,0.915848,0.0710481,0.577935,0.24249,1506.53
24,4.48132,4.47991,9.3215e-28,0.00140731,0.5,1.00182,0.0295431,0.898438,0.0754664,0.566767,0.237136,1515.82
25,4.30241,4.30101,2.83671e-23,0.00140263,0.5,1.00178,0.0292432,0.880795,0.0800632,0.554952,0.23146,1493.44
26,4.11914,4.11774,1.38059e-20,0.00140185,0.5,1.0017,0.0289516,0.863663,0.0848166,0.542545,0.22549,1493.15
27,3.93261,3.9312,1.00575e-18,0.00140553,0.5,1.00159,0.028668,0.83522,0.0897008,0.529572,0.21924,1485.37
28,3.74367,3.74225,2.42734e-17,0.00141415,0.5,1.00144,0.0283924,0.793301,0.094688,0.516045,0.21272,1486.48
29,3.55311,3.55168,2.80613e-16,0.00142812,0.5,1.00125,0.0281243,0.750072,0.0997483,0.501973,0.20594,1486
30,3.36177,3.36032,2.16914e-15,0.0014478,0.5,1.00102,0.0278633,0.702877,0.104853,0.487363,0.198908,1486.45
31,3.17058,3.1691,1.16855e-14,0.00147346,0.5,1.00075,0.0276099,0.652214,0.109969,0.472235,0.191642,1486.89
32,2.98118,2.97967,4.96006e-14,0.00150547,0.5,1.00043,0.0273688,0.605991,0.115076,0.456641,0.184179,1486.22
33,2.80058,2.79904,1.72804e-13,0.00154407,0.499999,1.0001,0.0271567,0.561275,0.120147,0.440974,0.176748,1487.35
34,2.63173,2.63014,4.90172e-13,0.00158985,0.499999,0.99974,0.0269745,0.518539,0.12519,0.425481,0.169474,1486.53
35,2.47362,2.47197,1.23021e-12,0.00164366,0.499998,0.999337,0.0268174,0.473118,0.130232,0.41025,0.162363,1486.47
36,2.32643,2.32472,2.70855e-12,0.00170656,0.499998,0.998876,0.0266854,0.413326,0.13531,0.395543,0.1555,1489.76
37,2.18982,2.18804,5.35281e-12,0.00177931,0.499997,0.998345,0.0265747,0.343784,0.140443,0.381451,0.148918,1485.97
38,2.06248,2.06062,1.00245e-11,0.00186156,0.499996,0.99775,0.026476,0.292503,0.145596,0.367817,0.14254,1478.3
39,1.94452,1.94257,1.7095e-11,0.00195271,0.499995,0.997095,0.0263858,0.266994,0.150724,0.354643,0.136379,1472.76
40,1.83814,1.83609,2.61125e-11,0.00205261,0.499994,0.996373,0.0263035,0.252075,0.155805,0.342073,0.13056,1466.36
41,1.74891,1.74675,3.25635e-11,0.00216039,0.499994,0.995564,0.0262348,0.240101,0.16078,0.330495,0.125398,1458.46
42,1.68089,1.67862,3.18586e-11,0.00227081,0.499995,0.99472,0.0261694,0.231659,0.165441,0.320586,0.121246,1457.03
43,1.6312,1.62883,2.82271e-11,0.0023684,0.499995,0.994085,0.0260843,0.22451,0.169245,0.31264,0.118085,1450.32
44,1.59339,1.59094,2.52781e-11,0.00245124,0.499995,0.993617,0.0259832,0.218708,0.172243,0.306246,0.115589,1444.94
45,1.56338,1.56086,2.34741e-11,0.00252504,0.499995,0.993241,0.025884,0.213505,0.174746,0.301031,0.113531,1437.79
46,1.53847,1.53588,2.28045e-11,0.0025935,0.499995,0.99295,0.0257881,0.209267,0.176946,0.296616,0.11176,1437.05
47,1.51686,1.5142,2.27166e-11,0.00265816,0.499995,0.992703,0.0257009,0.20528,0.178927,0.292794,0.110165,1437.37
48,1.49769,1.49497,2.31003e-11,0.00271994,0.499995,0.992484,0.0256236,0.201786,0.180741,0.289455,0.1087,1443.65
49,1.48006,1.47728,2.37931e-11,0.00277992,0.499995,0.992286,0.0255471,0.198257,0.18244,0.286423,0.107313,1443.77
50,1.46349,1.46065,2.46236e-11,0.00283806,0.499995,0.992111,0.0254709,0.195122,0.18403,0.283588,0.105978,1443.07
51,1.44771,1.44482,2.57144e-11,0.00289465,0.499995,0.991949,0.0253889,0.192287,0.185527,0.280875,0.104686,1458.51
52,1.43246,1.42951,2.6901e-11,0.00295033,0.499995,0.991802,0.0253065,0.189163,0.186959,0.278259,0.103417,1456.72
53,1.41783,1.41482,2.8306e-11,0.0030054,0.499995,0.991654,0.0252226,0.186241,0.188338,0.275783,0.102179,1458.95
54,1.40363,1.40057,2.98511e-11,0.00306007,0.499994,0.99152,0.0251369,0.183537,0.189675,0.273376,0.100961,1463.61
55,1.39,1.38688,3.14449e-11,0.00311359,0.499994,0.991382,0.0250537,0.180916,0.190945,0.271066,0.0997758,1463.83
56,1.37694,1.37377,3.29445e-11,0.0031669,0.499994,0.991236,0.0249712,0.178116,0.192182,0.268868,0.0986257,1470.09
57,1.36432,1.3611,3.43279e-11,0.0032203,0.499994,0.991096,0.0248917,0.175682,0.193398,0.26676,0.0975012,1470.21
58,1.35229,1.34902,3.58622e-11,0.00327339,0.499994,0.990964,0.0248198,0.173256,0.194579,0.264769,0.0964192,1472.12
59,1.34088,1.33755,3.7084e-11,0.00332607,0.499994,0.99083,0.0247575,0.170887,0.195724,0.262864,0.0953847,1471.4
60,1.3302,1.32682,3.83898e-11,0.00337873,0.499994,0.990705,0.0247034,0.168793,0.196846,0.261049,0.0944146,1471
61,1.32009,1.31666,3.95364e-11,0.00343141,0.499994,0.990567,0.0246633,0.16647,0.197946,0.259299,0.0934913,1471.66
62,1.31065,1.30717,4.08045e-11,0.00348472,0.499994,0.99042,0.024645,0.164299,0.199044,0.257623,0.0926282,1472.87
63,1.30195,1.29841,4.21028e-11,0.00353824,0.499993,0.99027,0.0246414,0.162231,0.200127,0.256021,0.0918331,1486.37
64,1.29389,1.2903,4.33662e-11,0.00359215,0.499993,0.990116,0.0246398,0.160236,0.201202,0.254472,0.0910995,1486.3
65,1.2863,1.28265,4.4883e-11,0.00364668,0.499993,0.989968,0.0246501,0.158165,0.202274,0.252975,0.0904079,1485.93
66,1.27931,1.27561,4.64757e-11,0.003701,0.499993,0.98982,0.0246779,0.156269,0.203321,0.251542,0.0897738,1486.09
67,1.27295,1.26919,4.78923e-11,0.00375457,0.499993,0.989662,0.0247182,0.154476,0.204326,0.250189,0.0892006,1487.12
68,1.2671,1.26329,4.94116e-11,0.00380759,0.499993,0.989494,0.0247629,0.152576,0.205297,0.248875,0.0886758,1493.12
69,1.26161,1.25775,5.09102e-11,0.00386041,0.499993,0.98933,0.0248006,0.150795,0.206246,0.247584,0.0881858,1499.7
70,1.25634,1.25242,5.27873e-11,0.00391388,0.499993,0.989163,0.0248365,0.148903,0.207197,0.246301,0.0877167,1506.68
71,1.25127,1.2473,5.52554e-11,0.00396798,0.499992,0.989013,0.0248704,0.147224,0.208151,0.245015,0.0872676,1506.94
72,1.24638,1.24236,5.80881e-11,0.00402211,0.499992,0.988875,0.0249011,0.145508,0.20909,0.243742,0.0868361,1505.35
73,1.24167,1.2376,6.09012e-11,0.00407583,0.499992,0.988754,0.0249303,0.143871,0.210002,0.24249,0.0864218,1511.94
74,1.23712,1.23299,6.40546e-11,0.00412919,0.499992,0.988642,0.0249567,0.14259,0.210889,0.241247,0.0860231,1524.57
75,1.23268,1.2285,6.68263e-11,0.00418223,0.499992,0.988522,0.024984,0.140991,0.211754,0.240021,0.0856353,1525.27
76,1.22839,1.22415,6.99068e-11,0.0042355,0.499991,0.988407,0.0250074,0.139549,0.212611,0.238822,0.0852602,1525.51
77,1.22419,1.2199,7.3374e-11,0.00428941,0.499991,0.988281,0.0250357,0.138126,0.213472,0.237638,0.0848926,1525.57
78,1.22018,1.21583,7.68409e-11,0.00434409,0.499991,0.988169,0.0250655,0.136429,0.21434,0.236511,0.0845433,1525.98
79,1.21635,1.21195,8.10241e-11,0.00439924,0.499991,0.988049,0.0250975,0.135052,0.215206,0.235438,0.0842112,1532.88
80,1.21266,1.2082,8.56037e-11,0.00445504,0.49999,0.987912,0.0251337,0.133369,0.216076,0.234398,0.0838913,1532.46
81,1.20912,1.2046,9.05445e-11,0.00451197,0.49999,0.987772,0.025177,0.13195,0.216961,0.233403,0.0835853,1539.86
82,1.20573,1.20116,9.59072e-11,0.00456977,0.49999,0.987639,0.0252246,0.130333,0.217854,0.232454,0.0832939,1539.33
83,1.20253,1.1979,1.01787e-10,0.004628,0.49999,0.987499,0.0252722,0.128746,0.218743,0.231565,0.0830193,1541.13
84,1.19944,1.19475,1.08424e-10,0.004687,0.499989,0.987358,0.0253139,0.12735,0.219638,0.230715,0.082755,1554.95
85,1.1964,1.19165,1.1564e-10,0.00474689,0.499989,0.987226,0.0253569,0.125729,0.220542,0.229874,0.0824946,1553.46
86,1.19347,1.18866,1.23323e-10,0.00480714,0.499989,0.987113,0.0253998,0.124454,0.22144,0.22907,0.0822448,1560.25
87,1.19062,1.18576,1.31395e-10,0.00486774,0.499988,0.986981,0.0254383,0.123161,0.222332,0.228289,0.0820038,1566.82
88,1.18782,1.18289,1.40307e-10,0.00492906,0.499988,0.986865,0.0254766,0.121727,0.223229,0.227512,0.0817662,1574.64
89,1.18505,1.18006,1.50004e-10,0.00499061,0.499987,0.986724,0.0255124,0.120464,0.224117,0.226739,0.081532,1574.09
90,1.18231,1.17725,1.6069e-10,0.00505291,0.499987,0.986582,0.0255475,0.119213,0.22501,0.225969,0.0813005,1573.76
91,1.17959,1.17447,1.71581e-10,0.00511605,0.499986,0.986452,0.0255827,0.117882,0.225909,0.225202,0.0810723,1581.23
92,1.1769,1.17172,1.8357e-10,0.00518029,0.499986,0.986363,0.0256189,0.116562,0.22682,0.224441,0.080847,1581.97
93,1.1743,1.16905,1.95747e-10,0.00524398,0.499986,0.986266,0.0256522,0.115425,0.227705,0.223711,0.0806306,1581.02
94,1.17171,1.1664,2.09101e-10,0.00530843,0.499985,0.986152,0.0256835,0.114037,0.228595,0.222986,0.0804167,1582.15
95,1.16912,1.16375,2.23871e-10,0.00537431,0.499985,0.986031,0.0257141,0.112808,0.229504,0.22225,0.0802031,1581.5
96,1.16653,1.16109,2.39666e-10,0.0054416,0.499984,0.985908,0.0257436,0.111584,0.230432,0.221512,0.0799898,1581.36
97,1.16395,1.15844,2.57413e-10,0.00551025,0.499983,0.985811,0.0257722,0.110493,0.231376,0.22078,0.0797783,1581.75
98,1.16139,1.15581,2.75726e-10,0.00557889,0.499983,0.985712,0.0257974,0.109474,0.232307,0.220057,0.0795699,1587.54
99,1.15882,1.15318,2.93857e-10,0.00564775,0.499982,0.985593,0.0258214,0.108227,0.233229,0.219329,0.0793614,1590.96
100,1.15624,1.15052,3.13785e-10,0.00571813,0.499982,0.985485,0.0258466,0.107208,0.234172,0.218588,0.0791519,1590
101,1.15366,1.14787,3.33814e-10,0.00578923,0.499981,0.985393,0.0258705,0.106102,0.235117,0.217857,0.0789444,1589.63
102,1.1511,1.14523,3.53536e-10,0.00586075,0.499981,0.985293,0.0258929,0.105213,0.236057,0.217134,0.0787395,1589.61
103,1.14853,1.1426,3.73502e-10,0.00593294,0.49998,0.985191,0.0259126,0.10429,0.236999,0.216414,0.0785358,1589.98
104,1.14597,1.13996,3.95233e-10,0.00600546,0.49998,0.985087,0.0259316,0.103416,0.237934,0.215699,0.0783334,1589.35
105,1.14341,1.13733,4.18575e-10,0.00607837,0.499979,0.984989,0.025952,0.102589,0.238865,0.214992,0.0781328,1589.8
106,1.14087,1.13472,4.40203e-10,0.0061515,0.499978,0.984886,0.0259728,0.101517,0.239787,0.214301,0.0779367,1590.29
107,1.13837,1.13214,4.63057e-10,0.00622541,0.499978,0.984774,0.0259899,0.10046,0.240713,0.213629,0.0777461,1588.88
108,1.13587,1.12957,4.86355e-10,0.0063003,0.499977,0.984671,0.0260066,0.0995941,0.241645,0.21296,0.0775581,1596.23
109,1.13339,1.12702,5.1066e-10,0.00637553,0.499977,0.984563,0.0260242,0.0987167,0.242572,0.212303,0.0773744,1602.34
110,1.13094,1.12449,5.3453e-10,0.00645134,0.499976,0.98446,0.0260427,0.0978508,0.243497,0.211663,0.0771951,1611.06
111,1.12854,1.12201,5.58389e-10,0.00652716,0.499976,0.984326,0.0260598,0.0968018,0.24441,0.21105,0.077022,1603.85
112,1.12615,1.11955,5.83139e-10,0.00660417,0.499975,0.984201,0.0260806,0.0959778,0.245334,0.210451,0.0768517,1610.06
113,1.12381,1.11713,6.08383e-10,0.00668157,0.499975,0.984075,0.0261029,0.0950775,0.246252,0.209884,0.0766872,1609.92
114,1.12151,1.11475,6.3372e-10,0.00675924,0.499974,0.983956,0.0261282,0.094326,0.247163,0.209346,0.076529,1609.63
115,1.11927,1.11243,6.57163e-10,0.00683668,0.499974,0.983824,0.0261577,0.0934601,0.248057,0.208847,0.0763794,1611.29
116,1.11711,1.11019,6.81142e-10,0.00691448,0.499973,0.983684,0.0261889,0.0925674,0.248946,0.208394,0.0762389,1609.05
117,1.11501,1.10802,7.06451e-10,0.0069931,0.499973,0.983548,0.0262234,0.0917892,0.249839,0.207987,0.0761069,1609.68
118,1.11299,1.10592,7.31996e-10,0.00707213,0.499972,0.983401,0.0262571,0.0910606,0.250727,0.207622,0.0759836,1616.11
119,1.11104,1.10389,7.56466e-10,0.00715186,0.499972,0.983256,0.0262904,0.090313,0.251617,0.207296,0.0758687,1617.52
120,1.10914,1.1019,7.82367e-10,0.00723248,0.499972,0.983132,0.026317,0.0896416,0.25251,0.207003,0.0757602,1616.05
121,1.10725,1.09994,8.10628e-10,0.00731332,0.499971,0.983016,0.0263424,0.0889168,0.253397,0.206724,0.0756548,1612.96
122,1.10539,1.09799,8.38589e-10,0.00739403,0.499971,0.982899,0.0263675,0.0880814,0.25427,0.206463,0.0755539,1611.02
123,1.10353,1.09606,8.66468e-10,0.00747516,0.49997,0.982775,0.0263918,0.0874214,0.255139,0.206216,0.0754559,1619.02
124,1.10169,1.09413,8.97217e-10,0.00755706,0.49997,0.982645,0.0264151,0.0868111,0.25601,0.205983,0.0753604,1617.71
125,1.09984,1.0922,9.29856e-10,0.00763975,0.499969,0.982527,0.0264388,0.0861702,0.256885,0.205759,0.0752663,1625.55
126,1.09801,1.09028,9.62378e-10,0.0077231,0.499968,0.982423,0.0264603,0.0855217,0.25776,0.205546,0.0751745,1623.68
127,1.09617,1.08836,9.9418e-10,0.00780619,0.499968,0.9823,0.0264806,0.0850067,0.258619,0.205336,0.0750841,1624.71
128,1.09432,1.08643,1.02883e-09,0.00788979,0.499967,0.982177,0.0265022,0.0842896,0.259477,0.205128,0.0749941,1625.12
129,1.09247,1.0845,1.06314e-09,0.00797399,0.499967,0.982066,0.0265226,0.0836563,0.260334,0.204927,0.0749056,1626.32
130,1.09063,1.08258,1.09828e-09,0.00805852,0.499966,0.981951,0.0265427,0.0829201,0.261187,0.204736,0.0748193,1631
131,1.0888,1.08065,1.13443e-09,0.00814353,0.499966,0.981839,0.0265617,0.0822983,0.262036,0.204551,0.074734,1631.16
132,1.08697,1.07874,1.16662e-09,0.00822877,0.499965,0.981721,0.0265788,0.081543,0.262879,0.204367,0.0746489,1623.75
133,1.08515,1.07683,1.20023e-09,0.00831473,0.499965,0.981632,0.026594,0.080761,0.263724,0.204184,0.0745638,1624.7
134,1.08333,1.07493,1.23639e-09,0.00839978,0.499964,0.981529,0.0266093,0.0799522,0.264544,0.204006,0.0744801,1625.74
135,1.08151,1.07303,1.2722e-09,0.00848459,0.499964,0.981417,0.0266255,0.079277,0.26535,0.203832,0.0743974,1622.93
136,1.07971,1.07114,1.30778e-09,0.00856977,0.499963,0.981306,0.0266404,0.0786133,0.266152,0.203663,0.0743156,1631.07
137,1.07791,1.06925,1.34381e-09,0.0086551,0.499963,0.9812,0.0266558,0.0777626,0.266947,0.203499,0.074235,1630.86
138,1.07613,1.06739,1.37881e-09,0.00874083,0.499962,0.981105,0.0266697,0.0768852,0.26774,0.203341,0.0741554,1629.91
139,1.07435,1.06553,1.41233e-09,0.0088266,0.499962,0.981008,0.0266836,0.0765343,0.268523,0.203187,0.0740775,1631.29
140,1.07259,1.06368,1.44819e-09,0.00891237,0.499961,0.980912,0.0266961,0.0760231,0.269298,0.203039,0.0740005,1630.16
141,1.07084,1.06185,1.48262e-09,0.00899789,0.499961,0.9808,0.0267083,0.0754814,0.27006,0.202892,0.0739246,1632.9
142,1.06911,1.06002,1.51881e-09,0.00908362,0.499961,0.980677,0.0267202,0.0748405,0.270817,0.202747,0.0738487,1632.19
143,1.06738,1.05821,1.55707e-09,0.00916995,0.49996,0.980566,0.0267319,0.0744247,0.271574,0.202605,0.0737735,1641.77
144,1.06566,1.0564,1.59695e-09,0.00925645,0.499959,0.980451,0.0267426,0.0739517,0.272325,0.202467,0.0736993,1633.13
145,1.06395,1.05461,1.64074e-09,0.00934355,0.499959,0.980339,0.0267529,0.0734291,0.273077,0.202331,0.0736252,1631.74
146,1.06225,1.05282,1.68589e-09,0.00943075,0.499958,0.980236,0.0267631,0.0727272,0.273822,0.202196,0.0735514,1638.99
147,1.06056,1.05105,1.72696e-09,0.00951787,0.499958,0.980115,0.0267716,0.072052,0.274558,0.202064,0.0734777,1644.89
148,1.05888,1.04927,1.76939e-09,0.00960548,0.499957,0.980001,0.0267814,0.0714874,0.275292,0.201934,0.0734043,1645.64
149,1.0572,1.04751,1.81048e-09,0.00969342,0.499957,0.979899,0.0267905,0.0709152,0.276024,0.201807,0.0733308,1645.34
150,1.05553,1.04575,1.85535e-09,0.00978131,0.499956,0.979788,0.0267994,0.0704384,0.276747,0.201682,0.0732575,1643.46
151,1.05388,1.04401,1.9008e-09,0.00986935,0.499956,0.979688,0.0268069,0.0699692,0.277465,0.20156,0.0731845,1646.72
152,1.05224,1.04228,1.94713e-09,0.00995702,0.499955,0.979591,0.0268138,0.0696716,0.278169,0.201442,0.0731126,1645.96
153,1.05061,1.04057,1.99427e-09,0.0100441,0.499955,0.979468,0.0268205,0.0691566,0.278858,0.201328,0.0730419,1645.85
154,1.04899,1.03886,2.04367e-09,0.0101313,0.499954,0.979352,0.0268275,0.0685959,0.279542,0.201216,0.0729718,1652.64
155,1.04738,1.03716,2.09108e-09,0.0102188,0.499954,0.979237,0.0268349,0.0681572,0.280222,0.201106,0.0729019,1653.26
156,1.04578,1.03548,2.13764e-09,0.0103065,0.499953,0.979143,0.0268415,0.0677261,0.280899,0.200998,0.0728325,1651.82
157,1.04421,1.03381,2.18697e-09,0.0103938,0.499953,0.979048,0.0268471,0.0673103,0.281564,0.200892,0.0727638,1652.7
158,1.04264,1.03216,2.23233e-09,0.0104808,0.499952,0.97895,0.0268529,0.0670547,0.282217,0.200791,0.0726961,1652.46
159,1.04109,1.03052,2.27936e-09,0.0105676,0.499952,0.978833,0.0268585,0.0666847,0.282861,0.200696,0.0726293,1652.33
160,1.03954,1.02889,2.32943e-09,0.0106547,0.499951,0.978721,0.0268638,0.0663414,0.283503,0.200604,0.072563,1654.06
161,1.03801,1.02727,2.37912e-09,0.0107418,0.499951,0.978594,0.0268689,0.066082,0.284138,0.200513,0.0724964,1652.86
162,1.03648,1.02565,2.42954e-09,0.0108292,0.49995,0.978473,0.0268727,0.0656509,0.284772,0.200423,0.0724295,1651.71
163,1.03496,1.02405,2.48203e-09,0.0109167,0.49995,0.978343,0.0268774,0.0651169,0.2854,0.200334,0.0723626,1650.88
164,1.03345,1.02245,2.53379e-09,0.0110045,0.499949,0.978221,0.0268821,0.0647621,0.286026,0.200246,0.0722958,1651.99
165,1.03195,1.02086,2.58352e-09,0.0110925,0.499949,0.978118,0.0268868,0.0642776,0.286648,0.200159,0.0722292,1650.63
166,1.03047,1.01929,2.62953e-09,0.01118,0.499948,0.97802,0.0268911,0.0640564,0.287259,0.200073,0.0721625,1651.86
167,1.029,1.01773,2.68094e-09,0.0112668,0.499948,0.977905,0.026895,0.063797,0.287853,0.199987,0.0720951,1651.71
168,1.02754,1.01619,2.7289e-09,0.0113531,0.499947,0.977782,0.0268983,0.0632858,0.288435,0.199903,0.0720279,1651.38
169,1.02609,1.01465,2.77871e-09,0.0114387,0.499947,0.977632,0.0269024,0.0629501,0.289003,0.199821,0.0719603,1650.18
170,1.02465,1.01313,2.82658e-09,0.0115246,0.499946,0.977491,0.0269071,0.062748,0.289569,0.199741,0.0718927,1652.13
171,1.02322,1.01161,2.87439e-09,0.0116105,0.499946,0.977348,0.0269116,0.0625496,0.290129,0.199663,0.0718248,1651.77
172,1.0218,1.0101,2.92498e-09,0.0116958,0.499945,0.977177,0.0269163,0.06213,0.290677,0.199585,0.0717563,1659.25
173,1.02039,1.00861,2.97541e-09,0.0117815,0.499945,0.977002,0.0269213,0.0618477,0.291223,0.199507,0.0716869,1665.46
174,1.01899,1.00712,3.0272e-09,0.0118676,0.499944,0.976834,0.0269261,0.0615768,0.29177,0.199429,0.0716167,1671.3
175,1.0176,1.00565,3.08275e-09,0.0119539,0.499944,0.976665,0.0269312,0.0614128,0.292314,0.199352,0.0715458,1672.8
176,1.01623,1.00419,3.1334e-09,0.0120408,0.499944,0.976517,0.0269366,0.0609894,0.29286,0.199275,0.071474,1671.96
177,1.01487,1.00274,3.18972e-09,0.0121279,0.499943,0.976393,0.0269427,0.0606499,0.293403,0.1992,0.0714019,1673.26
178,1.01353,1.00131,3.24485e-09,0.0122147,0.499943,0.976265,0.0269478,0.06036,0.293937,0.199126,0.0713294,1673.28
179,1.0122,0.999895,3.30266e-09,0.0123016,0.499942,0.976158,0.026951,0.0601234,0.294467,0.199054,0.0712566,1672.53
180,1.01088,0.998492,3.35773e-09,0.0123876,0.499942,0.976029,0.0269547,0.0599403,0.294981,0.198984,0.0711836,1672.53
181,1.00957,0.997099,3.4137e-09,0.0124732,0.499941,0.975896,0.0269587,0.0597496,0.295486,0.198916,0.0711104,1673.02
182,1.00827,0.995714,3.47095e-09,0.0125586,0.499941,0.975765,0.0269616,0.0594788,0.295983,0.198851,0.0710373,1671.69
183,1.00698,0.994336,3.52679e-09,0.012644,0.49994,0.975635,0.0269628,0.0592728,0.296475,0.198788,0.0709638,1671.73
184,1.00569,0.992961,3.58582e-09,0.012729,0.49994,0.975501,0.0269637,0.0588722,0.296959,0.198728,0.0708902,1672.5
185,1.0044,0.991589,3.64309e-09,0.012814,0.499939,0.975379,0.0269653,0.058754,0.297438,0.198669,0.070816,1671.68
186,1.00312,0.990223,3.7122e-09,0.012899,0.499939,0.975274,0.0269649,0.0586433,0.297912,0.198611,0.070741,1665.06
187,1.00184,0.98886,3.77604e-09,0.0129832,0.499938,0.975157,0.0269641,0.0583954,0.298372,0.198553,0.0706652,1664.87
188,1.00057,0.9875,3.83367e-09,0.0130669,0.499938,0.975018,0.0269627,0.0581398,0.298824,0.198494,0.0705885,1664.66
189,0.999294,0.986143,3.8999e-09,0.0131507,0.499937,0.974874,0.026961,0.0579185,0.299273,0.198433,0.0705112,1664.22
190,0.998024,0.984789,3.9642e-09,0.0132349,0.499937,0.974725,0.0269581,0.057724,0.299722,0.198371,0.0704335,1677.04
191,0.996758,0.983438,4.02423e-09,0.0133195,0.499936,0.974578,0.0269548,0.0574303,0.300174,0.198307,0.0703548,1666.07
192,0.995491,0.982087,4.09432e-09,0.0134042,0.499936,0.974423,0.0269516,0.0572472,0.300622,0.198242,0.070275,1672.02
193,0.994224,0.980734,4.15936e-09,0.0134895,0.499935,0.974279,0.026947,0.0570488,0.301075,0.198177,0.0701936,1671.77
194,0.992953,0.979378,4.22308e-09,0.0135749,0.499935,0.974119,0.0269429,0.0568428,0.301524,0.198112,0.0701107,1672.1
195,0.991682,0.978021,4.28855e-09,0.0136609,0.499934,0.973972,0.0269385,0.0565071,0.301979,0.198048,0.0700265,1672.16
196,0.990414,0.976667,4.35235e-09,0.0137469,0.499934,0.973806,0.0269341,0.056118,0.302428,0.197982,0.0699415,1667.18
197,0.989152,0.975319,4.41362e-09,0.013833,0.499933,0.973634,0.0269301,0.0559387,0.302876,0.197915,0.0698562,1678.62
198,0.987901,0.973981,4.47978e-09,0.0139195,0.499933,0.973478,0.0269249,0.0555878,0.303325,0.197848,0.0697702,1677.78
199,0.986656,0.97265,4.53991e-09,0.0140056,0.499932,0.973284,0.0269202,0.0552177,0.303766,0.197779,0.0696837,1680.03
200,0.985421,0.971329,4.59648e-09,0.0140925,0.499932,0.973114,0.0269154,0.0548973,0.304214,0.197709,0.0695968,1680.59
201,0.984197,0.970017,4.64735e-09,0.0141796,0.499931,0.972931,0.0269105,0.0546379,0.30466,0.197639,0.0695095,1680.07
202,0.982986,0.968719,4.69912e-09,0.0142668,0.499931,0.97276,0.0269058,0.0545311,0.305105,0.197568,0.0694224,1686.62
203,0.98179,0.967436,4.75916e-09,0.0143537,0.499931,0.972565,0.0269009,0.0541077,0.305542,0.197496,0.0693351,1685.91
204,0.980608,0.966168,4.81868e-09,0.0144409,0.49993,0.972381,0.0268969,0.053772,0.305979,0.197423,0.0692474,1688.07
205,0.979442,0.964913,4.87879e-09,0.0145283,0.49993,0.972196,0.0268926,0.0535545,0.306417,0.19735,0.0691595,1684.71
206,0.978288,0.963672,4.9253e-09,0.0146166,0.499929,0.972025,0.0268876,0.0533218,0.30686,0.197276,0.0690711,1685.78
207,0.977146,0.96244,4.97337e-09,0.0147052,0.499929,0.971844,0.0268825,0.053112,0.307303,0.197201,0.0689821,1679.56
208,0.976021,0.961228,5.02275e-09,0.0147936,0.499929,0.971663,0.0268769,0.0527916,0.307741,0.197125,0.0688937,1678.1
209,0.974909,0.960027,5.06733e-09,0.0148818,0.499928,0.971449,0.0268716,0.0524445,0.308172,0.197047,0.0688048,1678.78
210,0.97381,0.95884,5.11695e-09,0.0149697,0.499928,0.971219,0.0268678,0.0522652,0.308598,0.196968,0.0687155,1679
211,0.972722,0.957663,5.15957e-09,0.0150586,0.499928,0.970982,0.0268665,0.0519142,0.309031,0.196889,0.0686252,1679.34
212,0.971647,0.956499,5.20488e-09,0.0151486,0.499928,0.970745,0.0268659,0.0515137,0.309472,0.196809,0.0685337,1679.16
213,0.970588,0.955349,5.24873e-09,0.0152396,0.499927,0.970492,0.0268676,0.0513,0.30992,0.196729,0.068441,1686.22
214,0.969547,0.954215,5.2974e-09,0.015332,0.499927,0.970246,0.0268715,0.0508957,0.310379,0.196648,0.0683475,1686.48
215,0.968526,0.953101,5.34823e-09,0.0154252,0.499927,0.970004,0.0268784,0.0506439,0.310843,0.196569,0.0682538,1685.78
216,0.967532,0.952013,5.39029e-09,0.0155187,0.499926,0.969728,0.0268897,0.0503578,0.311306,0.19649,0.0681598,1693.35
217,0.966567,0.950955,5.43854e-09,0.0156128,0.499926,0.969427,0.0269042,0.0500145,0.311771,0.196412,0.0680658,1692.63
218,0.965638,0.94993,5.48306e-09,0.0157075,0.499926,0.969118,0.0269208,0.0497513,0.312239,0.196335,0.0679726,1692.44
219,0.964743,0.948941,5.53467e-09,0.0158023,0.499925,0.96876,0.0269409,0.0494347,0.312705,0.196258,0.0678805,1688.52
220,0.963885,0.947988,5.59612e-09,0.0158977,0.499925,0.968386,0.0269655,0.0491638,0.313171,0.196181,0.0677896,1686.12
221,0.963063,0.947069,5.64426e-09,0.0159947,0.499925,0.968022,0.0269928,0.0487671,0.31365,0.196104,0.0676988,1692.92
222,0.962274,0.946181,5.69526e-09,0.0160932,0.499924,0.967654,0.0270207,0.0484695,0.31414,0.196028,0.0676077,1692.99
223,0.961519,0.945326,5.74669e-09,0.0161921,0.499924,0.967259,0.0270499,0.0481453,0.314629,0.195951,0.0675163,1697.92
224,0.960797,0.944506,5.80987e-09,0.0162914,0.499923,0.96687,0.0270799,0.0476685,0.315117,0.195876,0.067425,1703.04
225,0.96011,0.943719,5.86661e-09,0.0163908,0.499923,0.966474,0.0271102,0.0474777,0.315602,0.195803,0.0673333,1694.61
226,0.959453,0.942961,5.93168e-09,0.0164915,0.499923,0.96612,0.0271386,0.0472221,0.316095,0.195731,0.0672412,1693.38
227,0.958827,0.942236,5.99922e-09,0.0165916,0.499922,0.965789,0.0271664,0.0469398,0.316579,0.195663,0.0671493,1692.46
228,0.958228,0.941537,6.05209e-09,0.0166912,0.499922,0.965457,0.0271923,0.0465736,0.317054,0.195599,0.0670572,1692.86
229,0.957652,0.940861,6.10922e-09,0.0167911,0.499921,0.965144,0.0272175,0.046257,0.317528,0.195537,0.0669644,1692.51
230,0.957098,0.940207,6.16488e-09,0.016891,0.499921,0.964881,0.0272411,0.0460281,0.317996,0.19548,0.0668717,1695.28
231,0.956563,0.939573,6.21372e-09,0.0169903,0.499921,0.964661,0.027262,0.0457916,0.318456,0.195425,0.0667793,1694.19
232,0.956044,0.938956,6.26923e-09,0.0170886,0.499921,0.9644,0.0272818,0.0455818,0.318903,0.195371,0.0666871,1692.83
233,0.95554,0.938354,6.31717e-09,0.0171863,0.49992,0.964149,0.0273014,0.0454788,0.319341,0.195317,0.0665958,1693.03
234,0.955048,0.937764,6.3604e-09,0.017284,0.49992,0.963896,0.02732,0.0453644,0.319776,0.195264,0.066505,1694.11
235,0.954567,0.937186,6.41026e-09,0.017381,0.49992,0.963651,0.0273365,0.0451584,0.3202,0.195213,0.0664145,1692.56
236,0.954094,0.936618,6.45255e-09,0.0174763,0.499919,0.96332,0.0273532,0.0450287,0.320606,0.195165,0.0663246,1694.15
237,0.953629,0.936058,6.5084e-09,0.0175711,0.499919,0.962991,0.0273703,0.0448914,0.321004,0.195121,0.0662356,1693.75
238,0.953173,0.935507,6.56287e-09,0.0176654,0.499919,0.962659,0.0273887,0.0447502,0.321395,0.195078,0.0661474,1693.4
239,0.952728,0.934968,6.63151e-09,0.0177596,0.499918,0.962379,0.0274059,0.0447044,0.321782,0.195036,0.0660607,1692.95
240,0.952292,0.93444,6.68957e-09,0.0178529,0.499918,0.962082,0.0274231,0.0445747,0.322159,0.194997,0.0659753,1693.33
241,0.951865,0.933919,6.75904e-09,0.0179457,0.499917,0.961787,0.0274401,0.0444832,0.322527,0.194968,0.0658905,1692.66
242,0.951439,0.933401,6.80958e-09,0.0180389,0.499917,0.961469,0.027458,0.0443497,0.322898,0.194953,0.0658053,1701.22
243,0.951015,0.932882,6.86685e-09,0.0181335,0.499917,0.961161,0.0274761,0.044178,0.323278,0.194951,0.0657192,1700.58
244,0.950596,0.932368,6.94273e-09,0.0182278,0.499916,0.96084,0.0274952,0.0440254,0.323654,0.194956,0.0656333,1700.01
245,0.950183,0.931861,7.02326e-09,0.018322,0.499916,0.960514,0.027513,0.0438347,0.324025,0.194963,0.0655478,1700.21
246,0.949776,0.931361,7.1064e-09,0.018415,0.499915,0.960132,0.0275308,0.0437546,0.324383,0.194969,0.0654632,1700.28
247,0.949374,0.930867,7.18934e-09,0.0185076,0.499915,0.959736,0.0275493,0.0436707,0.324736,0.194974,0.065379,1699.33
248,0.948978,0.930377,7.27443e-09,0.0186004,0.499914,0.959318,0.0275695,0.0436363,0.325087,0.194972,0.0652955,1699.45
249,0.948586,0.929891,7.36056e-09,0.0186947,0.499914,0.95893,0.0275899,0.0435181,0.32545,0.194967,0.0652123,1701.75
250,0.948201,0.929412,7.44734e-09,0.0187888,0.499913,0.958525,0.0276109,0.0433197,0.325808,0.194956,0.0651301,1699.25
251,0.947818,0.928934,7.54207e-09,0.0188845,0.499913,0.958154,0.0276305,0.0432434,0.326178,0.194941,0.0650478,1700.69
252,0.947441,0.928462,7.64391e-09,0.0189798,0.499912,0.957785,0.0276503,0.0432167,0.326542,0.194915,0.0649665,1678.19
253,0.947067,0.927992,7.74291e-09,0.0190757,0.499911,0.957422,0.0276694,0.0429955,0.326909,0.194887,0.0648852,1679.33
254,0.946698,0.927526,7.84561e-09,0.0191716,0.499911,0.957056,0.0276884,0.0426216,0.327273,0.194855,0.0648044,1678.17
255,0.946332,0.927065,7.95832e-09,0.0192675,0.49991,0.95668,0.0277076,0.042408,0.327635,0.19482,0.0647241,1680.14
256,0.945977,0.926615,8.07409e-09,0.0193617,0.499909,0.956324,0.027726,0.0422897,0.327978,0.194779,0.0646456,1677.83
257,0.945628,0.926174,8.19127e-09,0.0194542,0.499909,0.955926,0.027745,0.0421867,0.328306,0.194733,0.0645685,1685.93
258,0.945285,0.925739,8.2986e-09,0.0195466,0.499908,0.955546,0.0277631,0.0421028,0.32863,0.194685,0.0644922,1685.04
259,0.944947,0.925309,8.40887e-09,0.0196386,0.499908,0.955122,0.027782,0.0419197,0.328949,0.194637,0.0644166,1685.21
260,0.944615,0.924884,8.53206e-09,0.0197308,0.499907,0.954707,0.0278005,0.0418739,0.329268,0.194588,0.0643419,1685.23
261,0.944288,0.924465,8.65462e-09,0.019823,0.499906,0.954291,0.0278203,0.0417557,0.329586,0.194535,0.0642681,1685.7
262,0.943969,0.924053,8.77738e-09,0.0199162,0.499906,0.953912,0.027839,0.0416374,0.329909,0.19448,0.0641955,1685.5
263,0.943656,0.923647,8.90222e-09,0.0200095,0.499905,0.95352,0.0278579,0.0416145,0.330231,0.194423,0.064124,1691.53
264,0.943351,0.923248,9.02579e-09,0.0201037,0.499904,0.953163,0.0278757,0.0415115,0.330559,0.194365,0.0640541,1700.56
265,0.943057,0.92286,9.1506e-09,0.0201964,0.499904,0.952786,0.0278946,0.0413704,0.330872,0.194305,0.0639862,1693.21
266,0.942768,0.922479,9.27135e-09,0.0202887,0.499903,0.952438,0.0279132,0.0412331,0.33118,0.194245,0.0639197,1699.1
267,0.942485,0.922105,9.39731e-09,0.0203798,0.499902,0.952088,0.0279308,0.0411797,0.331475,0.194184,0.0638545,1699.53
268,0.942208,0.921739,9.52511e-09,0.0204691,0.499902,0.951725,0.0279494,0.040966,0.331753,0.194123,0.0637909,1698.79
269,0.941936,0.921378,9.64879e-09,0.0205577,0.499901,0.95136,0.0279684,0.0408325,0.332024,0.194063,0.0637283,1706.67
270,0.941667,0.92102,9.7707e-09,0.0206465,0.499901,0.951004,0.0279862,0.0406647,0.332295,0.194005,0.0636662,1706.41
271,0.941399,0.920665,9.89138e-09,0.0207344,0.4999,0.950624,0.0280048,0.0405502,0.332556,0.193948,0.0636046,1699.38
272,0.941136,0.920315,1.00199e-08,0.0208212,0.499899,0.950263,0.0280228,0.0403519,0.332807,0.193892,0.0635439,1699.7
273,0.940875,0.919969,1.0148e-08,0.020906,0.499899,0.949872,0.0280416,0.0402603,0.33304,0.193837,0.063484,1699.47
274,0.940616,0.919626,1.02825e-08,0.0209906,0.499898,0.949491,0.028061,0.0400581,0.33327,0.193782,0.0634245,1706.57
275,0.940359,0.919284,1.04099e-08,0.0210754,0.499897,0.949125,0.0280792,0.0399323,0.3335,0.193728,0.0633652,1712.8
276,0.940104,0.918945,1.05405e-08,0.021159,0.499897,0.948736,0.0280973,0.039856,0.33372,0.193672,0.0633063,1719.69
277,0.93985,0.918609,1.06753e-08,0.0212411,0.499896,0.948331,0.0281159,0.039814,0.333926,0.193615,0.063248,1718.34
278,0.939598,0.918276,1.08117e-08,0.0213223,0.499895,0.947944,0.0281341,0.0397377,0.334124,0.193557,0.0631901,1712.79
279,0.939347,0.917944,1.09558e-08,0.0214022,0.499895,0.947532,0.0281528,0.0396919,0.334309,0.193498,0.0631328,1703.84
280,0.939096,0.917613,1.1073e-08,0.0214824,0.499894,0.947127,0.0281705,0.0396042,0.334497,0.193439,0.0630756,1704.8
281,0.938844,0.917281,1.11888e-08,0.0215624,0.499894,0.946668,0.028189,0.0395279,0.334682,0.19338,0.0630185,1705.21
282,0.938591,0.916947,1.13113e-08,0.0216438,0.499893,0.946228,0.0282074,0.0394135,0.334877,0.19332,0.0629612,1702.81
283,0.938338,0.916612,1.14336e-08,0.0217259,0.499892,0.945779,0.0282249,0.0393982,0.335076,0.193261,0.0629037,1704.83
284,0.938084,0.916275,1.15568e-08,0.021809,0.499892,0.94532,0.0282423,0.0393219,0.335282,0.193202,0.0628461,1704.88
285,0.937831,0.915939,1.16739e-08,0.0218915,0.499891,0.944831,0.0282598,0.0392418,0.335482,0.193147,0.0627887,1733.28
286,0.937578,0.915603,1.1788e-08,0.0219748,0.499891,0.944327,0.0282773,0.0391541,0.335688,0.19309,0.0627314,1761.49
287,0.937324,0.915265,1.19079e-08,0.0220593,0.49989,0.943824,0.0282961,0.0391808,0.335901,0.193033,0.0626741,1765.4
288,0.937072,0.914926,1.20331e-08,0.0221461,0.49989,0.943356,0.0283148,0.0391006,0.33613,0.192976,0.0626167,1761.98
289,0.936822,0.91459,1.21712e-08,0.0222319,0.499889,0.942879,0.0283336,0.0390434,0.336352,0.192922,0.0625598,1764.68
290,0.936575,0.914257,1.22978e-08,0.0223173,0.499889,0.942415,0.0283521,0.0389786,0.336568,0.192868,0.0625035,1765.33
291,0.936328,0.913927,1.24154e-08,0.0224014,0.499888,0.941916,0.0283719,0.038826,0.336773,0.192819,0.0624476,1764.28
292,0.936081,0.913595,1.253e-08,0.0224863,0.499888,0.941424,0.0283921,0.0387459,0.336983,0.192771,0.0623916,1765.43
293,0.935835,0.913265,1.26527e-08,0.0225705,0.499887,0.940918,0.0284127,0.0387115,0.337186,0.192728,0.0623358,1762.08
294,0.935589,0.912934,1.27647e-08,0.0226549,0.499887,0.940409,0.0284336,0.0386925,0.33739,0.192688,0.0622801,1763.99
295,0.935344,0.912604,1.28644e-08,0.0227398,0.499886,0.939915,0.0284544,0.038681,0.337596,0.192653,0.0622244,1766.3
296,0.935098,0.912273,1.29853e-08,0.0228245,0.499886,0.939401,0.0284754,0.038578,0.3378,0.19262,0.0621688,1767.24
297,0.934851,0.911942,1.30866e-08,0.0229089,0.499885,0.938875,0.0284967,0.0385056,0.338,0.192594,0.0621129,1781.45
298,0.934604,0.911609,1.31831e-08,0.0229947,0.499885,0.938335,0.0285175,0.0384407,0.33821,0.192572,0.0620566,1761.56
299,0.934357,0.911276,1.32909e-08,0.0230809,0.499884,0.937815,0.0285381,0.0383492,0.338421,0.192553,0.0620002,1762.17
